Order_ID,First_Name,Last_Name,Gender,Age,City,Channel,Store_Location,Customer_Segment,Order_Date,Product_Name,Product_Category,Store_Location,Quantity,Unit_Cost_GBP,Unit_Price_GBP,Order_Cost_GBP,Order_Revenue_GBP,Order_Profit_GBP,Payment_Method,Source,Device,Email_Opt_In,Delivery_Type,Delivery_Days,Review_Rating,Return
ORD100000,Jamie ,Brown,other,24,Manchester,Store,Leeds Showroom,Family,27/10/2024,TV Unit,Living room,Islington,2,145.51,472.91,291.02,945.82,#DIV/0!,PayPal,Social Media,Mobile,No,Standard,5,5,No
ORD100000,Jamie,Brown,Other,24,Manchester,Store,Leeds Showroom,Family,25/06/2025,TV Unit,Living room,Islington,2,145.51,472.91,291.02,945.82,654.8,PayPal,Social Media,Mobile,No,Standard,5,5,No
ORD100001,Avery ,Thomas,male,41,Leeds,Online,Birmingham Showroom,Young Professional,28/09/2024,Dining Table,Dining,Norfolk,2,527.06,1644.43,1054.12,3288.86,#DIV/0!,Card,Referral,Mobile,Yes,Standard,7,4,No
ORD100001,Avery,Thomas,Male,41,Leeds,Online,Birmingham Showroom,Young Professional,22/10/2024,Dining Table,Dining,Norfolk,2,527.06,1644.43,1054.12,3288.86,2234.74,Card,Referral,Mobile,Yes,Standard,7,4,No
ORD100002,Morgan ,Thomas,female,41,Edinburgh,Online,London Showroom,Family,29/11/2025,Dining Chair,Dining,Wye,1,178.23,461.62,178.23,461.62,#DIV/0!,Card,Paid Ads,Mobile,Yes,Standard,6,5,No
ORD100002,Morgan,Thomas,Female,41,Edinburgh,Online,London Showroom,Family,01/08/2025,Dining Chair,Dining,Wye,1,178.23,461.62,178.23,461.62,283.39,Card,Paid Ads,Mobile,Yes,Standard,6,5,No
ORD100003,Avery ,Wilson,male,51,Glasgow,Store,Birmingham Showroom,Young Professional,21/06/2025,Wardrobe,Bedroom,Chester,4,302.71,905.1,1210.84,3620.4,#DIV/0!,Card,Organic Search,Mobile,Yes,Standard,3,3,No
ORD100004,Jordan ,Smith,male,56,London,Store,Birmingham Showroom,Retiree,26/07/2025,TV Unit,Living room,Hackney,2,721.56,1948.21,1443.12,3896.42,#DIV/0!,Card,Organic Search,Mobile,Yes,Standard,9,5,No
ORD100005,Riley,Roberts,prefer not to say,,Bristol,Online,Leeds Showroom,Retiree,31/03/2025,Chest of Drawers,Bedroom,Essex,3,400.21,944.5,1200.63,2833.5,1632.87,Card,Organic Search,Mobile,No,Express,1,5,No
ORD100006,Jordan,Evans,Other,,Glasgow,Online,Leeds Showroom,Young Professional,15/09/2025,Wardrobe,Bedroom,York,4,547.34,1860.96,2189.36,7443.84,5254.48,Card,Social Media,Mobile,Yes,Standard,7,4,No
ORD100007,Sam,Roberts,Other,,Leeds,Online,Birmingham Showroom,Young Professional,25/06/2025,Dining Chair,Dining,Harlow,5,170.96,413.72,854.8,2068.6,1213.8,Card,Paid Ads,Mobile,No,Standard,3,5,No
ORD100008,Jamie,Wilson,Prefer not to say,,London,Online,Leeds Showroom,Family,06/06/2025,TV Unit,Living room,Brixton,1,186.14,640.32,186.14,640.32,454.18,Finance,Paid Ads,Mobile,Yes,Express,1,3,No
ORD100009,Avery,Thomas,Male,,Cardiff,Online,Manchester Showroom,Young Professional,03/05/2025,Bookcase,Office / Study,Moors,5,71.06,199.68,355.3,998.4,643.1,Card,Social Media,Mobile,No,Express,1,3,No
ORD100010,Taylor,Johnson,Female,38,Bristol,Online,Leeds Showroom,Retiree,11/09/2024,Wardrobe,Bedroom,Carlisle,4,168.39,417.61,673.56,1670.44,999.99,Card,Organic Search,Mobile,Yes,Standard,3,5,No
ORD100011,Jordan,Evans,Male,39,Manchester,Store,Leeds Showroom,Young Professional,23/05/2025,Bookcase,Office / Study,Fens,4,251.73,737.57,1006.92,2950.28,999.99,Card,Organic Search,Mobile,No,Standard,7,5,No
ORD100012,Sam,Evans,Male,66,Edinburgh,Online,Leeds Showroom,Young Professional,28/06/2025,Sofa,Living room,Orchard,4,174.53,582.93,698.12,2331.72,999.99,Card,Referral,Mobile,Yes,Standard,5,3,No
ORD100013,Alex,Smith,Female,50,Manchester,Store,Leeds Showroom,Retiree,10/11/2024,Desk,Office / Study,Clerkenwell,5,107.41,340.49,537.05,1702.45,1165.4,Card,In-Store,Mobile,Yes,Express,2,4,No
ORD100014,Casey,Taylor,Prefer not to say,41,Birmingham,Store,London Showroom,Family,05/07/2025,Desk,Office / Study,Hoxton,4,131.68,429.28,526.72,1717.12,1190.4,Finance,Direct,Mobile,Yes,Express,1,3,No
ORD100015,Morgan,Jones,Other,48,Newcastle,Online,London Showroom,Family,28/05/2025,Office Chair,Office / Study,Aintree,5,390.19,1197.88,1950.95,5989.4,4038.45,PayPal,In-Store,Desktop,Yes,Standard,3,3,No
ORD100016,Sam,Jones,Prefer not to say,39,London,Online,London Showroom,Young Professional,05/09/2025,Bed,Bedroom,Ashford,4,196.81,614.05,787.24,2456.2,1668.96,Finance,Paid Ads,Tablet,No,Express,1,5,No
ORD100017,Riley,Jones,Prefer not to say,25,Manchester,Store,Birmingham Showroom,Family,12/01/2024,Chest of Drawers,Bedroom,Kent,3,316.85,1048.77,950.55,3146.31,2195.76,Finance,Paid Ads,Desktop,Yes,Express,2,5,No
ORD100018,Jordan,Taylor,Male,22,Glasgow,Online,Birmingham Showroom,Family,21/01/2025,Dining Table,Dining,Aldwych,4,422.6,1081.86,1690.4,4327.44,2637.04,Card,Paid Ads,Mobile,Yes,Standard,7,3,No
ORD100019,Riley,Smith,Other,22,Newcastle,Store,Manchester Showroom,Family,27/10/2024,Bed,Bedroom,Kendal,5,564.7,1615.04,2823.5,8075.2,5251.7,Card,In-Store,Desktop,Yes,Click & Collect,4,4,No
ORD100020,Casey,Taylor,Other,47,Manchester,Store,London Showroom,Family,16/12/2024,TV Unit,Living room,Clapham,2,69.88,176.8,139.76,353.6,213.84,Card,Direct,Desktop,Yes,Standard,4,3,No
ORD100021,Taylor,Jones,Prefer not to say,66,Liverpool,Store,Birmingham Showroom,Family,28/03/2025,Wardrobe,Bedroom,Durham,4,647.55,2253.47,2590.2,9013.88,6423.68,Card,Referral,Mobile,Yes,Standard,9,3,No
ORD100022,Jamie,Wilson,Female,41,Birmingham,Store,Leeds Showroom,Young Professional,01/02/2025,TV Unit,Living room,Islington,2,517.2,1774,1034.4,3548,2513.6,Card,In-Store,Mobile,Yes,Standard,8,4,No
ORD100023,Jamie,Brown,Prefer not to say,44,Leeds,Online,Leeds Showroom,Young Professional,28/04/2025,Bed,Bedroom,Elgin,3,102.14,234.92,306.42,704.76,398.34,Card,Direct,Desktop,Yes,Standard,6,3,No
ORD100024,Riley,Thomas,Female,31,Edinburgh,Online,London Showroom,Family,26/11/2024,Sofa,Living room,Keswick,1,703.92,2203.27,703.92,2203.27,1499.35,Card,Organic Search,Mobile,No,Standard,5,3,No
ORD100025,Avery,Taylor,Other,32,Birmingham,Online,Manchester Showroom,Young Professional,14/09/2025,Bed,Bedroom,Marlow,3,739.86,2522.92,2219.58,7568.76,5349.18,Card,Organic Search,Mobile,Yes,Click & Collect,4,5,No
ORD100026,Taylor,Smith,Prefer not to say,62,Newcastle,Online,Manchester Showroom,Family,26/01/2025,Wardrobe,Bedroom,Carlisle,4,86.42,214.32,345.68,857.28,511.6,Card,Paid Ads,Desktop,Yes,Standard,9,4,No
ORD100027,Jamie,Smith,Male,62,Liverpool,Online,Leeds Showroom,Young Professional,25/02/2025,Sofa,Living room,Harbour,2,250.43,741.27,500.86,1482.54,981.68,Card,Social Media,Desktop,No,Standard,5,5,No
ORD100028,Taylor,Roberts,Prefer not to say,26,London,Online,Manchester Showroom,Family,26/10/2024,Office Chair,Office / Study,Aintree,2,652.71,2212.69,1305.42,4425.38,3119.96,Card,Paid Ads,Mobile,Yes,Standard,9,5,No
ORD100029,Sam,Brown,Other,22,Glasgow,Store,London Showroom,Family,18/08/2025,Office Chair,Office / Study,Ascot,5,608.68,1393.88,3043.4,6969.4,3926,Card,Social Media,Mobile,Yes,Click & Collect,3,4,No
ORD100030,Taylor,Johnson,Male,38,Edinburgh,Online,Leeds Showroom,Young Professional,08/08/2025,TV Unit,Living room,Brixton,2,180.24,562.35,360.48,1124.7,764.22,Card,Direct,Mobile,Yes,Standard,6,4,No
ORD100031,Charlie,Evans,Male,43,Edinburgh,Online,Birmingham Showroom,Young Professional,19/04/2025,TV Unit,Living room,Islington,5,199.11,521.67,995.55,2608.35,1612.8,PayPal,Organic Search,Desktop,Yes,Standard,5,3,No
ORD100032,Casey,Jones,Female,55,Birmingham,Online,Birmingham Showroom,Young Professional,04/01/2025,TV Unit,Living room,Hackney,1,321.56,1096.52,321.56,1096.52,774.96,Card,In-Store,Mobile,Yes,Standard,5,5,No
ORD100033,Jamie,Johnson,Male,66,Newcastle,Online,Manchester Showroom,Family,01/08/2025,Chest of Drawers,Bedroom,Surrey,4,408.24,1412.51,1632.96,5650.04,4017.08,Card,Social Media,Mobile,No,Standard,4,4,No
ORD100034,Taylor,Roberts,Male,62,London,Online,Leeds Showroom,Family,30/03/2025,Bed,Bedroom,Kendal,5,509.87,1748.85,2549.35,8744.25,6194.9,PayPal,Direct,Desktop,Yes,Click & Collect,1,5,No
ORD100035,Riley,Jones,Prefer not to say,50,Cardiff,Online,Leeds Showroom,Young Professional,14/04/2025,Sofa,Living room,Orchard,1,320.37,909.85,320.37,909.85,589.48,Card,Organic Search,Mobile,Yes,Click & Collect,1,5,No
ORD100036,Alex,Brown,Other,25,Liverpool,Online,Birmingham Showroom,Family,16/08/2025,Desk,Office / Study,Paddington,2,391.53,1303.79,783.06,2607.58,1824.52,Card,In-Store,Desktop,No,Standard,8,4,No
ORD100037,Charlie,Roberts,Female,26,Cardiff,Online,Leeds Showroom,Young Professional,10/07/2024,Bookcase,Office / Study,Peaks,2,608.08,2012.74,1216.16,4025.48,2809.32,Card,Social Media,Mobile,No,Click & Collect,2,3,No
ORD100038,Charlie,Jones,Prefer not to say,32,Glasgow,Store,Leeds Showroom,Family,02/05/2025,Bed,Bedroom,Windsor,1,67.88,179.88,67.88,179.88,112,Card,Paid Ads,Mobile,Yes,Express,2,5,No
ORD100039,Avery,Brown,Male,42,London,Store,Leeds Showroom,Retiree,02/04/2025,TV Unit,Living room,Hackney,2,231.85,762.79,463.7,1525.58,1061.88,PayPal,Paid Ads,Desktop,Yes,Click & Collect,4,4,No
ORD100040,Taylor,Davies,Male,56,London,Store,Manchester Showroom,Young Professional,20/11/2024,Office Chair,Office / Study,Sandown,1,582.15,1338.94,582.15,1338.94,756.79,PayPal,Paid Ads,Mobile,Yes,Standard,4,3,No
ORD100041,Avery,Johnson,Female,33,Liverpool,Online,Leeds Showroom,Family,28/05/2025,Bookcase,Office / Study,Moors,5,720.36,2161.08,3601.8,10805.4,7203.6,Card,Direct,Mobile,No,Standard,8,5,No
ORD100042,Avery,Johnson,Other,47,Bristol,Store,London Showroom,Young Professional,12/03/2024,Chest of Drawers,Bedroom,Essex,5,428.87,1089.33,2144.35,5446.65,3302.3,Card,Paid Ads,Mobile,No,Standard,9,4,No
ORD100043,Alex,Evans,Female,40,Cardiff,Store,Manchester Showroom,Young Professional,24/05/2025,Office Chair,Office / Study,Epsom,1,444.41,1066.58,444.41,1066.58,622.17,Card,Referral,Desktop,Yes,Express,2,5,No
ORD100044,Sam,Brown,Prefer not to say,66,Manchester,Online,Leeds Showroom,Young Professional,15/09/2025,Sofa,Living room,Rivington,5,121.45,285.41,607.25,1427.05,819.8,Card,Organic Search,Tablet,Yes,Standard,6,4,No
ORD100045,Taylor,Taylor,Female,28,Edinburgh,Store,Leeds Showroom,Young Professional,11/11/2024,Desk,Office / Study,Shoreditch,5,380.03,1185.69,1900.15,5928.45,4028.3,Card,Direct,Tablet,Yes,Standard,3,4,No
ORD100046,Jordan,Davies,Male,68,Bristol,Online,London Showroom,Family,22/04/2025,TV Unit,Living room,Hackney,5,444.79,1187.59,2223.95,5937.95,3714,Card,In-Store,Mobile,No,Standard,9,5,No
ORD100047,Jamie,Wilson,Prefer not to say,28,Manchester,Store,Manchester Showroom,Young Professional,01/05/2025,Dining Table,Dining,Aldwych,3,224.28,708.72,672.84,2126.16,1453.32,Card,Paid Ads,Mobile,Yes,Express,2,5,No
ORD100048,Avery,Jones,Male,47,Newcastle,Store,Birmingham Showroom,Family,07/09/2025,Desk,Office / Study,Soho,4,244.62,569.96,978.48,2279.84,1301.36,Card,Organic Search,Mobile,Yes,Standard,3,4,No
ORD100049,Casey,Davies,Other,61,Liverpool,Online,Birmingham Showroom,Young Professional,24/11/2024,Dining Chair,Dining,Mersey,2,326.74,862.59,653.48,1725.18,1071.7,Card,Social Media,Desktop,No,Express,1,3,No
ORD100050,Morgan,Brown,Male,26,Newcastle,Store,Manchester Showroom,Young Professional,22/09/2025,Wardrobe,Bedroom,Durham,3,55.25,161.33,165.75,483.99,318.24,Card,Paid Ads,Mobile,Yes,Click & Collect,2,5,No
ORD100051,Casey,Thomas,Male,42,Edinburgh,Online,Leeds Showroom,Family,02/06/2025,Bed,Bedroom,Marlow,5,284.78,922.69,1423.9,4613.45,3189.55,Card,Organic Search,Tablet,Yes,Standard,9,4,No
ORD100052,Alex,Jones,Female,35,Leeds,Store,Leeds Showroom,Retiree,14/01/2025,Desk,Office / Study,Hoxton,1,200.7,531.85,200.7,531.85,331.15,PayPal,Referral,Mobile,Yes,Express,2,4,No
ORD100053,Alex,Smith,Male,25,Manchester,Online,Birmingham Showroom,Young Professional,25/10/2024,Bed,Bedroom,Ashford,5,288.9,875.37,1444.5,4376.85,2932.35,Card,Social Media,Tablet,Yes,Standard,5,3,No
ORD100054,Riley,Johnson,Prefer not to say,44,Bristol,Store,Birmingham Showroom,Retiree,14/08/2025,Chest of Drawers,Bedroom,Essex,4,131.02,440.23,524.08,1760.92,1236.84,Card,Referral,Desktop,Yes,Click & Collect,1,3,No
ORD100055,Sam,Brown,Prefer not to say,63,Manchester,Online,Birmingham Showroom,Family,31/10/2024,Dining Chair,Dining,Severn,5,716.8,2164.74,3584,10823.7,7239.7,Finance,In-Store,Desktop,Yes,Standard,6,3,No
ORD100056,Jamie,Smith,Other,41,Manchester,Online,London Showroom,Family,07/06/2025,Chest of Drawers,Bedroom,Surrey,1,491.13,1247.47,491.13,1247.47,756.34,Card,Organic Search,Mobile,Yes,Express,2,5,No
ORD100057,Avery,Evans,Prefer not to say,36,Liverpool,Online,Birmingham Showroom,Family,15/01/2025,Bed,Bedroom,Elgin,4,556.12,1267.95,2224.48,5071.8,2847.32,Card,Referral,Mobile,No,Express,2,4,No
ORD100058,Casey,Roberts,Female,66,Newcastle,Store,London Showroom,Young Professional,09/01/2025,Office Chair,Office / Study,Ascot,5,639.77,2136.83,3198.85,10684.15,7485.3,Card,In-Store,Mobile,Yes,Click & Collect,2,4,No
ORD100059,Morgan,Wilson,Other,50,Cardiff,Store,Manchester Showroom,Young Professional,14/03/2025,Desk,Office / Study,Shoreditch,4,418.82,954.91,1675.28,3819.64,2144.36,Card,Organic Search,Mobile,Yes,Express,1,4,No
ORD100060,Alex,Wilson,Prefer not to say,29,Leeds,Store,Leeds Showroom,Family,17/07/2025,Dining Table,Dining,Norfolk,2,106.06,354.24,212.12,708.48,496.36,Card,Organic Search,Mobile,Yes,Standard,3,3,No
ORD100061,Alex,Smith,Female,62,Liverpool,Store,Birmingham Showroom,Young Professional,17/08/2025,Office Chair,Office / Study,Sandown,2,448.2,1304.26,896.4,2608.52,1712.12,Card,Referral,Mobile,No,Express,1,4,No
ORD100062,Sam,Johnson,Prefer not to say,69,Glasgow,Online,Leeds Showroom,Retiree,10/11/2024,Sofa,Living room,Rivington,5,486,1662.12,2430,8310.6,5880.6,Card,Organic Search,Mobile,No,Click & Collect,2,5,No
ORD100063,Morgan,Evans,Prefer not to say,40,Liverpool,Online,Leeds Showroom,Young Professional,10/04/2025,Bed,Bedroom,Elgin,4,606.53,1971.22,2426.12,7884.88,5458.76,PayPal,Paid Ads,Desktop,Yes,Standard,9,3,No
ORD100064,Morgan,Thomas,Male,69,Edinburgh,Online,Birmingham Showroom,Young Professional,13/08/2025,Wardrobe,Bedroom,Lancaster,1,368.06,1288.21,368.06,1288.21,920.15,Card,Organic Search,Desktop,Yes,Standard,8,3,No
ORD100065,Sam,Johnson,Prefer not to say,60,Leeds,Online,Birmingham Showroom,Family,22/06/2025,Sofa,Living room,Rivington,5,136.96,368.42,684.8,1842.1,1157.3,Card,Direct,Mobile,Yes,Click & Collect,3,3,No
ORD100066,Alex,Davies,Prefer not to say,67,London,Online,Manchester Showroom,Young Professional,19/01/2025,Desk,Office / Study,Soho,2,255.67,820.7,511.34,1641.4,1130.06,PayPal,In-Store,Tablet,Yes,Express,2,3,No
ORD100067,Jamie,Wilson,Female,49,Glasgow,Online,London Showroom,Family,30/11/2024,Dining Chair,Dining,Trent,2,315.94,868.84,631.88,1737.68,1105.8,Card,Organic Search,Mobile,Yes,Express,2,5,No
ORD100068,Taylor,Davies,Female,67,Birmingham,Online,London Showroom,Family,29/03/2025,Dining Chair,Dining,Harlow,5,530.9,1513.06,2654.5,7565.3,4910.8,PayPal,Direct,Mobile,No,Standard,7,4,No
ORD100069,Taylor,Jones,Male,48,Liverpool,Online,Leeds Showroom,Retiree,03/02/2025,Dining Chair,Dining,Harlow,4,473.79,1435.58,1895.16,5742.32,3847.16,Card,Organic Search,Mobile,No,Express,2,5,No
ORD100070,Sam,Taylor,Prefer not to say,25,Manchester,Online,Birmingham Showroom,Family,23/08/2025,TV Unit,Living room,Islington,2,310.63,1037.5,621.26,2075,1453.74,PayPal,Organic Search,Desktop,Yes,Standard,6,4,No
ORD100071,Morgan,Brown,Male,36,Cardiff,Online,Manchester Showroom,Family,27/04/2025,Desk,Office / Study,Shoreditch,4,789.75,2748.33,3159,10993.32,7834.32,Card,Referral,Mobile,No,Express,1,5,No
ORD100072,Avery,Evans,Prefer not to say,56,London,Store,Manchester Showroom,Family,18/03/2025,Sofa,Living room,Keswick,2,500.39,1606.25,1000.78,3212.5,2211.72,PayPal,Paid Ads,Mobile,No,Standard,4,3,No
ORD100073,Sam,Johnson,Other,58,Liverpool,Store,Manchester Showroom,Retiree,01/09/2025,Bed,Bedroom,Marlow,2,220.29,610.2,440.58,1220.4,779.82,Finance,In-Store,Desktop,Yes,Express,2,3,No
ORD100074,Jamie,Wilson,Other,22,Liverpool,Store,Manchester Showroom,Young Professional,20/10/2024,Desk,Office / Study,Hoxton,3,117.35,326.23,352.05,978.69,626.64,Card,Paid Ads,Mobile,Yes,Click & Collect,1,5,No
ORD100075,Sam,Davies,Male,24,Bristol,Online,Manchester Showroom,Young Professional,12/06/2024,Desk,Office / Study,Hoxton,2,156.17,495.06,312.34,990.12,677.78,Card,Social Media,Desktop,No,Standard,7,5,No
ORD100076,Charlie,Roberts,Male,68,Bristol,Online,London Showroom,Young Professional,01/08/2025,Bookcase,Office / Study,Peaks,1,226.93,578.67,226.93,578.67,351.74,Card,Referral,Tablet,Yes,Click & Collect,4,4,No
ORD100077,Casey,Jones,Male,45,London,Store,London Showroom,Young Professional,03/05/2025,Bed,Bedroom,Marlow,5,162.12,387.47,810.6,1937.35,1126.75,Card,Referral,Tablet,No,Standard,9,5,No
ORD100078,Morgan,Brown,Female,48,Newcastle,Online,London Showroom,Family,27/01/2025,Wardrobe,Bedroom,Chester,5,181.79,489.02,908.95,2445.1,1536.15,Card,Paid Ads,Mobile,No,Click & Collect,4,5,No
ORD100079,Riley,Brown,Female,61,Bristol,Online,Birmingham Showroom,Family,30/03/2025,Dining Table,Dining,Camden,4,256.67,669.91,1026.68,2679.64,1652.96,Card,Referral,Mobile,Yes,Express,2,4,No
ORD100080,Riley,Johnson,Female,57,Manchester,Online,Leeds Showroom,Family,14/12/2024,Dining Chair,Dining,Wye,2,171.76,450.01,343.52,900.02,556.5,Card,Paid Ads,Mobile,No,Standard,6,4,No
ORD100081,Morgan,Evans,Male,55,Glasgow,Online,Manchester Showroom,Young Professional,03/07/2025,Dining Chair,Dining,Harlow,1,721.54,1832.71,721.54,1832.71,1111.17,Card,Referral,Mobile,No,Express,2,4,No
ORD100082,Jamie,Thomas,Prefer not to say,50,Birmingham,Online,Birmingham Showroom,Family,16/05/2025,Desk,Office / Study,Shoreditch,4,100.98,232.25,403.92,929,525.08,Card,Organic Search,Mobile,Yes,Click & Collect,3,5,No
ORD100083,Charlie,Roberts,Other,45,Leeds,Online,Manchester Showroom,Young Professional,30/04/2025,Chest of Drawers,Bedroom,Essex,3,438.63,995.69,1315.89,2987.07,1671.18,Card,Paid Ads,Mobile,Yes,Standard,4,4,No
ORD100084,Charlie,Johnson,Male,45,Birmingham,Store,London Showroom,Family,11/02/2024,Chest of Drawers,Bedroom,Kent,4,351.9,1224.61,1407.6,4898.44,3490.84,Card,Paid Ads,Tablet,Yes,Standard,9,3,No
ORD100085,Alex,Davies,Female,63,Birmingham,Online,Birmingham Showroom,Family,14/08/2025,Bed,Bedroom,Elgin,4,786.61,2186.78,3146.44,8747.12,5600.68,Card,Direct,Tablet,Yes,Express,1,3,No
ORD100086,Casey,Taylor,Female,25,Leeds,Online,London Showroom,Young Professional,30/12/2024,Dining Table,Dining,Stratford,2,125.15,341.66,250.3,683.32,433.02,Card,Referral,Mobile,Yes,Express,2,3,No
ORD100087,Taylor,Smith,Male,24,Bristol,Store,Manchester Showroom,Young Professional,03/03/2025,Chest of Drawers,Bedroom,Dorset,3,342.37,1061.35,1027.11,3184.05,2156.94,Card,Referral,Mobile,Yes,Express,2,5,No
ORD100088,Jordan,Thomas,Male,55,London,Online,Manchester Showroom,Young Professional,27/01/2025,Sofa,Living room,Orchard,4,776.8,1957.54,3107.2,7830.16,4722.96,Card,Paid Ads,Mobile,Yes,Express,1,3,No
ORD100089,Jamie,Evans,Female,44,Leeds,Online,Leeds Showroom,Family,04/01/2025,Chest of Drawers,Bedroom,Surrey,1,697.79,2400.4,697.79,2400.4,1702.61,Card,Organic Search,Mobile,Yes,Standard,3,5,No
ORD100090,Jordan,Jones,Prefer not to say,44,Edinburgh,Store,Manchester Showroom,Retiree,26/08/2025,TV Unit,Living room,Clapham,1,660.97,2134.93,660.97,2134.93,1473.96,Card,Organic Search,Desktop,No,Express,1,5,No
ORD100091,Jordan,Thomas,Female,66,Newcastle,Online,London Showroom,Family,05/02/2025,Chest of Drawers,Bedroom,Essex,5,236.01,556.98,1180.05,2784.9,1604.85,PayPal,In-Store,Desktop,No,Standard,5,3,No
ORD100092,Morgan,Wilson,Female,26,Glasgow,Online,Manchester Showroom,Young Professional,21/09/2025,Desk,Office / Study,Clerkenwell,3,169.87,470.54,509.61,1411.62,902.01,Card,Organic Search,Desktop,No,Standard,8,4,No
ORD100093,Riley,Evans,Male,52,Cardiff,Online,Leeds Showroom,Young Professional,12/09/2024,Wardrobe,Bedroom,Chester,3,548.17,1836.37,1644.51,5509.11,3864.6,Card,Referral,Desktop,Yes,Standard,6,5,No
ORD100094,Riley,Taylor,Prefer not to say,62,Bristol,Online,Leeds Showroom,Family,08/02/2025,Wardrobe,Bedroom,Chester,5,746.33,2559.91,3731.65,12799.55,9067.9,Card,Direct,Mobile,No,Standard,4,3,No
ORD100095,Taylor,Wilson,Female,27,Newcastle,Online,London Showroom,Family,26/10/2024,Dining Table,Dining,Norfolk,4,463.14,1310.69,1852.56,5242.76,3390.2,PayPal,Paid Ads,Desktop,No,Standard,3,5,No
ORD100096,Morgan,Thomas,Female,58,Leeds,Store,Birmingham Showroom,Young Professional,13/11/2024,Dining Table,Dining,Norfolk,3,474.43,1432.78,1423.29,4298.34,2875.05,Finance,Social Media,Mobile,Yes,Standard,4,4,No
ORD100097,Jordan,Smith,Other,31,Edinburgh,Online,Manchester Showroom,Young Professional,27/09/2025,Desk,Office / Study,Paddington,1,252.78,621.84,252.78,621.84,369.06,Card,Direct,Mobile,Yes,Express,2,4,No
ORD100098,Avery,Smith,Male,61,Cardiff,Online,Leeds Showroom,Family,27/10/2024,Bookcase,Office / Study,Downs,1,624.81,2180.59,624.81,2180.59,1555.78,Card,Social Media,Mobile,Yes,Standard,6,3,No
ORD100099,Riley,Taylor,Other,28,Glasgow,Online,Manchester Showroom,Young Professional,30/05/2025,Wardrobe,Bedroom,Durham,2,182.15,462.66,364.3,925.32,561.02,PayPal,Direct,Mobile,No,Standard,8,5,No
ORD100100,Jamie,Brown,Other,60,Glasgow,Online,Manchester Showroom,Young Professional,23/05/2025,Dining Table,Dining,Aldwych,3,286,980.98,858,2942.94,2084.94,Card,Organic Search,Mobile,Yes,Standard,6,5,No
ORD100101,Jamie,Roberts,Female,59,Bristol,Online,Birmingham Showroom,Young Professional,08/04/2025,Dining Chair,Dining,Wye,4,363.33,1111.79,1453.32,4447.16,2993.84,Card,Referral,Mobile,Yes,Standard,7,5,No
ORD100102,Alex,Jones,Male,42,Leeds,Online,Leeds Showroom,Family,20/05/2025,Office Chair,Office / Study,Ascot,5,425.78,1281.6,2128.9,6408,4279.1,Card,Social Media,Tablet,Yes,Standard,6,5,No
ORD100103,Sam,Brown,Prefer not to say,41,Newcastle,Online,Manchester Showroom,Retiree,17/07/2025,Bookcase,Office / Study,Moors,5,224.23,648.02,1121.15,3240.1,2118.95,Card,Direct,Mobile,Yes,Standard,5,3,No
ORD100104,Avery,Smith,Female,24,London,Online,Leeds Showroom,Retiree,26/04/2025,Chest of Drawers,Bedroom,Essex,4,127.28,323.29,509.12,1293.16,784.04,Finance,Referral,Mobile,Yes,Express,2,4,No
ORD100105,Riley,Smith,Prefer not to say,43,Newcastle,Online,London Showroom,Family,21/12/2024,Wardrobe,Bedroom,York,2,504.07,1245.05,1008.14,2490.1,1481.96,Finance,Social Media,Mobile,Yes,Express,1,3,No
ORD100106,Charlie,Davies,Prefer not to say,68,Newcastle,Online,London Showroom,Family,18/01/2025,Sofa,Living room,Harbour,5,259.36,656.18,1296.8,3280.9,1984.1,PayPal,Paid Ads,Desktop,Yes,Express,2,5,No
ORD100107,Riley,Wilson,Male,25,Glasgow,Store,Manchester Showroom,Young Professional,17/02/2025,TV Unit,Living room,Hackney,3,481.74,1194.72,1445.22,3584.16,2138.94,Card,Direct,Mobile,No,Standard,7,5,No
ORD100108,Alex,Thomas,Other,49,London,Online,Leeds Showroom,Family,26/08/2025,Dining Chair,Dining,Mersey,2,157.32,506.57,314.64,1013.14,698.5,PayPal,Paid Ads,Tablet,Yes,Standard,5,4,No
ORD100109,Jamie,Jones,Male,33,London,Online,Manchester Showroom,Young Professional,09/08/2025,Chest of Drawers,Bedroom,Kent,3,405.67,1091.25,1217.01,3273.75,2056.74,Card,Organic Search,Desktop,Yes,Click & Collect,2,5,No
ORD100110,Jordan,Taylor,Prefer not to say,59,Bristol,Online,Leeds Showroom,Family,24/05/2025,Bookcase,Office / Study,Moors,1,444.77,1031.87,444.77,1031.87,587.1,Card,Paid Ads,Mobile,Yes,Standard,8,3,No
ORD100111,Charlie,Thomas,Female,57,Cardiff,Store,Leeds Showroom,Young Professional,19/03/2025,Desk,Office / Study,Paddington,2,79.39,274.69,158.78,549.38,390.6,PayPal,Paid Ads,Desktop,Yes,Standard,9,3,No
ORD100112,Morgan,Davies,Prefer not to say,68,Liverpool,Online,Birmingham Showroom,Young Professional,11/12/2024,Chest of Drawers,Bedroom,Kent,5,295.82,991,1479.1,4955,3475.9,Card,In-Store,Mobile,Yes,Standard,9,4,No
ORD100113,Casey,Smith,Female,62,Birmingham,Store,Birmingham Showroom,Young Professional,13/11/2024,Bookcase,Office / Study,Peaks,2,142.16,484.77,284.32,969.54,685.22,Card,Direct,Mobile,Yes,Standard,3,3,No
ORD100114,Jordan,Taylor,Female,26,Birmingham,Store,Birmingham Showroom,Young Professional,09/03/2025,Dining Chair,Dining,Trent,2,88.16,307.68,176.32,615.36,439.04,Card,Organic Search,Desktop,No,Standard,6,3,No
ORD100115,Casey,Smith,Male,34,Glasgow,Store,Manchester Showroom,Young Professional,19/08/2025,Dining Table,Dining,Aldwych,2,792.37,1957.15,1584.74,3914.3,2329.56,PayPal,Paid Ads,Mobile,No,Standard,3,3,No
ORD100116,Avery,Jones,Prefer not to say,44,Liverpool,Online,Birmingham Showroom,Young Professional,08/05/2025,Sofa,Living room,Keswick,2,284.99,783.72,569.98,1567.44,997.46,Card,Referral,Mobile,No,Standard,9,3,No
ORD100117,Sam,Wilson,Other,51,Cardiff,Online,Birmingham Showroom,Retiree,03/04/2025,TV Unit,Living room,Clapham,3,655.5,2097.6,1966.5,6292.8,4326.3,Card,Social Media,Mobile,Yes,Standard,4,5,No
ORD100118,Charlie,Thomas,Prefer not to say,58,Liverpool,Store,London Showroom,Young Professional,17/12/2024,Desk,Office / Study,Soho,1,233.53,728.61,233.53,728.61,495.08,Card,Paid Ads,Mobile,Yes,Express,1,3,No
ORD100119,Taylor,Thomas,Prefer not to say,46,Bristol,Store,Leeds Showroom,Family,29/06/2025,Bed,Bedroom,Marlow,4,557.94,1361.37,2231.76,5445.48,3213.72,PayPal,Organic Search,Tablet,No,Express,1,4,No
ORD100120,Charlie,Brown,Other,69,Newcastle,Store,Leeds Showroom,Retiree,17/04/2025,Bookcase,Office / Study,Downs,2,617.77,2020.11,1235.54,4040.22,2804.68,PayPal,Paid Ads,Mobile,Yes,Express,2,4,No
ORD100121,Riley,Taylor,Male,48,Glasgow,Online,Birmingham Showroom,Retiree,10/11/2024,Sofa,Living room,Harbour,5,492.69,1246.51,2463.45,6232.55,3769.1,Card,Social Media,Desktop,Yes,Express,1,3,No
ORD100122,Jamie,Roberts,Prefer not to say,35,London,Online,Leeds Showroom,Family,03/06/2025,Office Chair,Office / Study,YorkRace,2,398.4,1007.95,796.8,2015.9,1219.1,Card,Organic Search,Mobile,Yes,Click & Collect,2,4,No
ORD100123,Riley,Davies,Prefer not to say,69,Glasgow,Online,London Showroom,Family,09/01/2025,Bookcase,Office / Study,Peaks,5,353,1030.76,1765,5153.8,3388.8,Card,Direct,Desktop,Yes,Standard,8,3,No
ORD100124,Riley,Roberts,Female,68,Birmingham,Store,London Showroom,Young Professional,21/02/2025,Dining Table,Dining,Stratford,3,305.14,912.37,915.42,2737.11,1821.69,Finance,Organic Search,Mobile,Yes,Standard,8,4,No
ORD100125,Avery,Brown,Prefer not to say,57,Cardiff,Online,Birmingham Showroom,Young Professional,27/06/2025,Dining Chair,Dining,Severn,5,746.44,2224.39,3732.2,11121.95,7389.75,Card,Direct,Mobile,No,Standard,9,4,No
ORD100126,Jordan,Jones,Other,60,Liverpool,Online,London Showroom,Young Professional,28/05/2025,Wardrobe,Bedroom,Lancaster,4,671.27,1584.2,2685.08,6336.8,3651.72,Finance,Organic Search,Desktop,Yes,Express,1,3,No
ORD100127,Taylor,Davies,Female,37,Cardiff,Store,Leeds Showroom,Family,22/01/2025,Dining Table,Dining,Somerset,1,773.42,2590.96,773.42,2590.96,1817.54,Card,Social Media,Mobile,Yes,Click & Collect,4,3,No
ORD100128,Taylor,Wilson,Male,43,Bristol,Online,Manchester Showroom,Family,10/01/2025,Sofa,Living room,Dalton,5,134.47,346.93,672.35,1734.65,1062.3,PayPal,Social Media,Mobile,No,Standard,5,5,No
ORD100129,Riley,Roberts,Female,42,Glasgow,Store,Leeds Showroom,Young Professional,03/02/2025,TV Unit,Living room,Islington,5,595.46,1435.06,2977.3,7175.3,4198,PayPal,Organic Search,Mobile,No,Click & Collect,4,3,No
ORD100130,Casey,Wilson,Other,42,Leeds,Online,Manchester Showroom,Young Professional,24/01/2025,Dining Table,Dining,Somerset,1,753.14,2530.55,753.14,2530.55,1777.41,Card,Paid Ads,Desktop,Yes,Standard,8,3,No
ORD100131,Avery,Roberts,Other,29,Glasgow,Online,Birmingham Showroom,Family,10/12/2024,TV Unit,Living room,Hackney,4,177.74,611.43,710.96,2445.72,1734.76,Finance,Social Media,Mobile,Yes,Click & Collect,2,5,No
ORD100132,Riley,Wilson,Female,37,London,Online,Manchester Showroom,Young Professional,27/12/2024,TV Unit,Living room,Greenwich,2,90.54,301.5,181.08,603,421.92,Card,Direct,Tablet,No,Standard,5,3,No
ORD100133,Sam,Roberts,Male,52,Glasgow,Store,London Showroom,Family,13/03/2025,Dining Chair,Dining,Wye,5,603.25,1966.59,3016.25,9832.95,6816.7,Card,Direct,Mobile,No,Standard,3,3,No
ORD100134,Jamie,Wilson,Female,63,Edinburgh,Online,Leeds Showroom,Family,21/09/2025,Desk,Office / Study,Shoreditch,1,476.6,1463.16,476.6,1463.16,986.56,Card,Referral,Mobile,Yes,Standard,8,5,No
ORD100135,Jordan,Brown,Male,31,Bristol,Online,Manchester Showroom,Family,25/10/2024,Office Chair,Office / Study,YorkRace,3,679.79,1998.58,2039.37,5995.74,3956.37,PayPal,In-Store,Desktop,No,Standard,6,3,No
ORD100136,Morgan,Evans,Female,53,Manchester,Store,Leeds Showroom,Family,25/08/2025,Dining Chair,Dining,Wye,1,146.23,345.1,146.23,345.1,198.87,Card,In-Store,Desktop,Yes,Standard,7,3,No
ORD100137,Sam,Davies,Other,55,Bristol,Online,Birmingham Showroom,Retiree,04/10/2025,Desk,Office / Study,Paddington,3,644.4,1778.54,1933.2,5335.62,3402.42,Card,In-Store,Desktop,Yes,Standard,7,5,No
ORD100138,Casey,Taylor,Prefer not to say,30,Liverpool,Online,Birmingham Showroom,Family,08/04/2025,Wardrobe,Bedroom,York,4,193.24,525.61,772.96,2102.44,1329.48,Card,Direct,Tablet,Yes,Express,2,5,No
ORD100139,Charlie,Jones,Prefer not to say,38,Manchester,Online,London Showroom,Family,19/10/2024,Office Chair,Office / Study,Ascot,2,164.38,422.46,328.76,844.92,516.16,Card,Referral,Mobile,Yes,Standard,4,4,No
ORD100140,Charlie,Johnson,Male,32,Liverpool,Online,Birmingham Showroom,Family,17/02/2025,Desk,Office / Study,Clerkenwell,1,164.84,519.25,164.84,519.25,354.41,Card,In-Store,Mobile,No,Standard,7,3,No
ORD100141,Sam,Smith,Male,53,Liverpool,Online,Manchester Showroom,Young Professional,02/07/2025,Dining Table,Dining,Aldwych,5,659.08,1891.56,3295.4,9457.8,6162.4,Card,In-Store,Mobile,Yes,Express,1,4,No
ORD100142,Riley,Taylor,Male,31,London,Online,Birmingham Showroom,Young Professional,15/08/2025,Wardrobe,Bedroom,York,4,545.55,1282.04,2182.2,5128.16,2945.96,PayPal,Organic Search,Desktop,Yes,Express,1,4,No
ORD100143,Morgan,Smith,Other,43,London,Online,London Showroom,Young Professional,07/02/2025,Sofa,Living room,Rivington,1,437.53,1106.95,437.53,1106.95,669.42,Card,Organic Search,Desktop,Yes,Standard,6,5,No
ORD100144,Alex,Davies,Female,38,Newcastle,Online,Leeds Showroom,Young Professional,26/02/2025,Office Chair,Office / Study,Epsom,5,312.71,969.4,1563.55,4847,3283.45,Card,Organic Search,Mobile,Yes,Standard,5,3,No
ORD100145,Alex,Taylor,Other,25,Birmingham,Store,Leeds Showroom,Family,17/02/2025,Desk,Office / Study,Shoreditch,1,706.67,1660.67,706.67,1660.67,954,Card,Paid Ads,Mobile,Yes,Standard,4,3,No
ORD100146,Casey,Wilson,Prefer not to say,69,Newcastle,Online,Birmingham Showroom,Family,26/10/2024,Dining Table,Dining,Stratford,3,338.26,1119.64,1014.78,3358.92,2344.14,Card,In-Store,Mobile,Yes,Standard,9,5,No
ORD100147,Riley,Wilson,Male,68,Newcastle,Online,Manchester Showroom,Young Professional,16/05/2025,Chest of Drawers,Bedroom,Dorset,1,660.62,1895.98,660.62,1895.98,1235.36,PayPal,Paid Ads,Desktop,Yes,Express,1,4,No
ORD100148,Taylor,Johnson,Female,46,Birmingham,Online,London Showroom,Young Professional,18/04/2025,Dining Table,Dining,Norfolk,1,373.74,1065.16,373.74,1065.16,691.42,Finance,Referral,Mobile,No,Standard,5,5,No
ORD100149,Taylor,Smith,Prefer not to say,42,Leeds,Online,Manchester Showroom,Retiree,09/07/2025,Office Chair,Office / Study,Aintree,1,326.48,976.18,326.48,976.18,649.7,Card,Direct,Mobile,Yes,Standard,9,3,No
ORD100150,Jordan,Jones,Prefer not to say,58,Manchester,Online,London Showroom,Young Professional,31/08/2025,Dining Chair,Dining,Severn,4,391.64,1284.58,1566.56,5138.32,3571.76,PayPal,In-Store,Mobile,Yes,Express,2,5,No
ORD100151,Morgan,Davies,Prefer not to say,59,Cardiff,Online,Birmingham Showroom,Family,23/09/2025,TV Unit,Living room,Greenwich,1,269.05,721.05,269.05,721.05,452,PayPal,Direct,Desktop,No,Standard,6,3,No
ORD100152,Morgan,Wilson,Other,22,Newcastle,Store,London Showroom,Family,29/04/2025,Bed,Bedroom,Kendal,5,608.18,1885.36,3040.9,9426.8,6385.9,PayPal,Organic Search,Desktop,Yes,Standard,7,4,No
ORD100153,Charlie,Evans,Male,46,Glasgow,Online,London Showroom,Family,13/11/2024,Dining Table,Dining,Stratford,3,422.07,1249.33,1266.21,3747.99,2481.78,Card,In-Store,Desktop,Yes,Standard,8,3,No
ORD100154,Avery,Brown,Prefer not to say,57,Glasgow,Store,Birmingham Showroom,Young Professional,04/02/2025,Dining Chair,Dining,Wye,3,216.48,558.52,649.44,1675.56,1026.12,Finance,Social Media,Mobile,No,Click & Collect,3,4,No
ORD100155,Casey,Brown,Male,38,Liverpool,Store,Manchester Showroom,Young Professional,02/05/2025,Bed,Bedroom,Windsor,1,723.68,2424.33,723.68,2424.33,1700.65,Card,Paid Ads,Mobile,Yes,Standard,7,4,No
ORD100156,Alex,Roberts,Other,62,Birmingham,Online,Birmingham Showroom,Young Professional,16/01/2025,Chest of Drawers,Bedroom,Dorset,4,331.76,1078.22,1327.04,4312.88,2985.84,Card,Paid Ads,Desktop,Yes,Express,1,3,No
ORD100157,Casey,Jones,Prefer not to say,45,Liverpool,Online,London Showroom,Family,26/12/2024,Dining Chair,Dining,Severn,4,453.1,1391.02,1812.4,5564.08,3751.68,Card,In-Store,Tablet,Yes,Standard,3,3,No
ORD100158,Taylor,Brown,Other,23,Edinburgh,Online,Birmingham Showroom,Family,08/01/2025,Dining Chair,Dining,Severn,5,728.92,2412.73,3644.6,12063.65,8419.05,Card,Organic Search,Mobile,Yes,Standard,5,4,No
ORD100159,Taylor,Roberts,Other,61,Edinburgh,Store,London Showroom,Young Professional,19/04/2025,Bookcase,Office / Study,Dales,1,514.42,1713.02,514.42,1713.02,1198.6,Card,Paid Ads,Mobile,No,Express,1,5,No
ORD100160,Sam,Smith,Male,36,Cardiff,Online,Birmingham Showroom,Family,22/08/2025,Chest of Drawers,Bedroom,Devon,3,128.84,404.56,386.52,1213.68,827.16,Card,Organic Search,Mobile,Yes,Click & Collect,2,3,No
ORD100161,Jordan,Wilson,Prefer not to say,53,London,Online,Leeds Showroom,Family,08/05/2025,Chest of Drawers,Bedroom,Dorset,4,754.27,2489.09,3017.08,9956.36,6939.28,Card,Referral,Mobile,No,Express,1,4,No
ORD100162,Morgan,Wilson,Other,60,London,Online,Leeds Showroom,Young Professional,25/05/2025,Bookcase,Office / Study,Downs,1,517.06,1613.23,517.06,1613.23,1096.17,PayPal,Direct,Desktop,No,Express,1,4,No
ORD100163,Jamie,Evans,Prefer not to say,27,Birmingham,Store,Birmingham Showroom,Family,26/12/2024,Bookcase,Office / Study,Dales,4,294.53,913.04,1178.12,3652.16,2474.04,PayPal,Social Media,Mobile,Yes,Click & Collect,1,5,No
ORD100164,Casey,Taylor,Male,22,Birmingham,Store,Manchester Showroom,Family,09/08/2025,Bed,Bedroom,Windsor,4,145.85,440.47,583.4,1761.88,1178.48,Card,Direct,Mobile,Yes,Standard,8,3,No
ORD100165,Taylor,Brown,Other,68,Newcastle,Online,London Showroom,Young Professional,20/06/2025,Dining Chair,Dining,Trent,3,643.46,2052.64,1930.38,6157.92,4227.54,PayPal,Direct,Mobile,Yes,Standard,9,4,No
ORD100166,Avery,Smith,Male,44,Edinburgh,Store,Leeds Showroom,Young Professional,23/08/2025,Wardrobe,Bedroom,Durham,2,511.26,1252.59,1022.52,2505.18,1482.66,PayPal,Referral,Mobile,Yes,Express,2,5,No
ORD100167,Charlie,Thomas,Prefer not to say,60,Newcastle,Online,Manchester Showroom,Family,31/10/2024,Dining Table,Dining,Camden,5,445.43,1492.19,2227.15,7460.95,5233.8,PayPal,Paid Ads,Mobile,Yes,Standard,9,4,No
ORD100168,Alex,Brown,Prefer not to say,38,London,Online,London Showroom,Retiree,24/12/2024,Sofa,Living room,Keswick,5,719.36,2402.66,3596.8,12013.3,8416.5,Card,Social Media,Mobile,No,Express,1,3,No
ORD100169,Jordan,Jones,Male,55,Manchester,Store,Leeds Showroom,Family,11/09/2024,Office Chair,Office / Study,Ascot,3,639.33,1464.07,1917.99,4392.21,2474.22,Card,Paid Ads,Mobile,No,Click & Collect,4,5,No
ORD100170,Avery,Taylor,Female,62,Manchester,Online,Leeds Showroom,Family,31/05/2025,Wardrobe,Bedroom,Lancaster,4,155.27,509.29,621.08,2037.16,1416.08,Finance,In-Store,Desktop,Yes,Standard,7,4,No
ORD100171,Jordan,Brown,Other,50,Birmingham,Online,Birmingham Showroom,Family,23/10/2024,Office Chair,Office / Study,Epsom,1,276.91,667.35,276.91,667.35,390.44,Card,Direct,Mobile,Yes,Standard,9,5,No
ORD100172,Sam,Smith,Prefer not to say,30,Liverpool,Online,London Showroom,Young Professional,17/02/2025,Bookcase,Office / Study,Dales,4,228.85,611.03,915.4,2444.12,1528.72,Card,In-Store,Mobile,No,Express,2,3,No
ORD100173,Jamie,Brown,Prefer not to say,34,London,Store,Manchester Showroom,Family,30/03/2025,Sofa,Living room,Dalton,3,605.4,1925.17,1816.2,5775.51,3959.31,Card,Organic Search,Tablet,Yes,Standard,4,5,No
ORD100174,Taylor,Jones,Other,27,Manchester,Store,Manchester Showroom,Family,23/02/2025,Office Chair,Office / Study,Epsom,5,65.48,160.43,327.4,802.15,474.75,Card,Direct,Desktop,No,Express,2,3,No
ORD100175,Charlie,Thomas,Male,27,London,Online,Manchester Showroom,Young Professional,27/12/2024,TV Unit,Living room,Greenwich,4,473.12,1547.1,1892.48,6188.4,4295.92,Card,Paid Ads,Desktop,Yes,Standard,3,4,No
ORD100176,Avery,Davies,Male,41,Bristol,Store,London Showroom,Family,06/07/2025,Wardrobe,Bedroom,Lancaster,5,619.47,2038.06,3097.35,10190.3,7092.95,Card,Direct,Mobile,Yes,Express,2,3,No
ORD100177,Jordan,Johnson,Male,24,Glasgow,Online,Manchester Showroom,Family,26/12/2024,TV Unit,Living room,Clapham,1,706.34,2034.26,706.34,2034.26,1327.92,Card,Organic Search,Mobile,No,Standard,7,4,No
ORD100178,Morgan,Thomas,Female,38,Edinburgh,Online,Manchester Showroom,Young Professional,15/02/2025,Dining Chair,Dining,Mersey,5,299.98,677.95,1499.9,3389.75,1889.85,PayPal,Referral,Mobile,Yes,Express,1,4,No
ORD100179,Sam,Roberts,Female,33,Newcastle,Online,Manchester Showroom,Retiree,20/01/2025,TV Unit,Living room,Brixton,5,664.16,1733.46,3320.8,8667.3,5346.5,PayPal,In-Store,Mobile,No,Standard,3,3,No
ORD100180,Morgan,Brown,Prefer not to say,69,London,Online,Birmingham Showroom,Young Professional,10/12/2024,TV Unit,Living room,Clapham,2,124.08,374.72,248.16,749.44,501.28,Card,In-Store,Mobile,No,Standard,6,4,No
ORD100181,Charlie,Wilson,Male,68,Glasgow,Online,Birmingham Showroom,Young Professional,22/03/2025,Dining Table,Dining,Camden,2,683.3,2377.88,1366.6,4755.76,3389.16,Finance,Paid Ads,Tablet,Yes,Standard,5,5,No
ORD100182,Avery,Evans,Other,66,Bristol,Store,London Showroom,Young Professional,22/05/2025,Bookcase,Office / Study,Fens,2,136.89,416.15,273.78,832.3,558.52,Card,Direct,Mobile,Yes,Express,2,4,No
ORD100183,Sam,Wilson,Prefer not to say,22,Newcastle,Online,London Showroom,Family,22/11/2024,TV Unit,Living room,Brixton,5,341.94,878.79,1709.7,4393.95,2684.25,Card,Paid Ads,Mobile,No,Click & Collect,4,3,No
ORD100184,Avery,Thomas,Other,38,London,Online,Manchester Showroom,Family,24/04/2025,Desk,Office / Study,Hoxton,3,645.94,1963.66,1937.82,5890.98,3953.16,PayPal,Referral,Mobile,No,Standard,4,5,No
ORD100185,Taylor,Wilson,Prefer not to say,24,Birmingham,Online,Birmingham Showroom,Young Professional,23/02/2025,Sofa,Living room,Rivington,5,153.94,449.5,769.7,2247.5,1477.8,PayPal,Direct,Mobile,Yes,Standard,4,5,No
ORD100186,Riley,Smith,Female,47,Glasgow,Online,Leeds Showroom,Family,12/03/2024,Dining Table,Dining,Somerset,3,214.23,689.82,642.69,2069.46,1426.77,Finance,Direct,Desktop,No,Standard,5,4,No
ORD100187,Sam,Wilson,Prefer not to say,36,Newcastle,Store,Leeds Showroom,Young Professional,14/02/2025,Dining Chair,Dining,Trent,3,588.91,1401.61,1766.73,4204.83,2438.1,Card,Paid Ads,Mobile,Yes,Express,1,4,No
ORD100188,Morgan,Taylor,Female,57,London,Online,Manchester Showroom,Family,17/04/2025,Desk,Office / Study,Clerkenwell,2,587.23,1879.14,1174.46,3758.28,2583.82,PayPal,Paid Ads,Desktop,Yes,Express,2,3,No
ORD100189,Charlie,Davies,Prefer not to say,53,Glasgow,Online,Manchester Showroom,Family,05/07/2025,TV Unit,Living room,Hackney,4,527.27,1544.9,2109.08,6179.6,4070.52,Card,Organic Search,Tablet,No,Standard,7,5,No
ORD100190,Jamie,Brown,Male,53,Bristol,Store,Birmingham Showroom,Young Professional,25/11/2024,Bookcase,Office / Study,Fens,1,567.4,1957.53,567.4,1957.53,1390.13,PayPal,Referral,Mobile,Yes,Standard,8,3,No
ORD100191,Taylor,Wilson,Other,25,London,Online,Birmingham Showroom,Retiree,29/04/2025,Wardrobe,Bedroom,Durham,2,452.47,1212.62,904.94,2425.24,1520.3,PayPal,Organic Search,Mobile,No,Standard,9,4,No
ORD100192,Riley,Jones,Male,39,London,Online,Birmingham Showroom,Young Professional,07/02/2025,Dining Table,Dining,Aldwych,2,231.37,703.36,462.74,1406.72,943.98,Card,In-Store,Tablet,Yes,Standard,5,5,No
ORD100193,Jamie,Davies,Prefer not to say,40,London,Online,London Showroom,Young Professional,15/02/2025,Desk,Office / Study,Paddington,4,302.73,1035.34,1210.92,4141.36,2930.44,Card,Direct,Desktop,Yes,Standard,5,3,No
ORD100194,Alex,Davies,Prefer not to say,64,Cardiff,Online,London Showroom,Family,04/09/2025,Wardrobe,Bedroom,Lancaster,1,178.01,423.66,178.01,423.66,245.65,PayPal,Paid Ads,Mobile,Yes,Click & Collect,2,3,No
ORD100195,Taylor,Wilson,Prefer not to say,56,Birmingham,Store,Manchester Showroom,Retiree,15/06/2025,Desk,Office / Study,Shoreditch,5,730.42,2498.04,3652.1,12490.2,8838.1,Card,Direct,Tablet,Yes,Standard,3,3,No
ORD100196,Charlie,Davies,Female,61,Bristol,Store,London Showroom,Young Professional,22/11/2024,Desk,Office / Study,Hoxton,5,483.38,1503.31,2416.9,7516.55,5099.65,Card,Direct,Mobile,Yes,Express,2,3,No
ORD100197,Jordan,Evans,Other,35,Newcastle,Online,Birmingham Showroom,Young Professional,15/08/2025,Desk,Office / Study,Soho,2,344.65,803.03,689.3,1606.06,916.76,PayPal,Social Media,Tablet,Yes,Standard,7,3,No
ORD100198,Sam,Wilson,Other,54,Cardiff,Store,Birmingham Showroom,Young Professional,01/11/2024,Desk,Office / Study,Clerkenwell,1,391.12,1028.65,391.12,1028.65,637.53,Card,In-Store,Mobile,Yes,Standard,3,5,No
ORD100199,Avery,Smith,Prefer not to say,35,Liverpool,Online,London Showroom,Family,15/12/2024,TV Unit,Living room,Clapham,2,759.94,2386.21,1519.88,4772.42,3252.54,PayPal,Social Media,Mobile,Yes,Express,2,3,No
ORD100200,Charlie,Thomas,Prefer not to say,55,Cardiff,Online,Leeds Showroom,Young Professional,15/06/2025,Bed,Bedroom,Kendal,3,156.55,364.76,469.65,1094.28,624.63,Card,Direct,Desktop,Yes,Express,2,5,No
ORD100201,Sam,Taylor,Female,25,Edinburgh,Online,Manchester Showroom,Family,27/06/2025,Bookcase,Office / Study,Dales,2,485.53,1446.88,971.06,2893.76,1922.7,Card,Paid Ads,Mobile,No,Click & Collect,2,3,No
ORD100202,Jamie,Johnson,Male,45,Edinburgh,Online,Leeds Showroom,Retiree,15/06/2025,TV Unit,Living room,Hackney,2,424.48,1137.61,848.96,2275.22,1426.26,PayPal,Direct,Mobile,Yes,Standard,4,4,No
ORD100203,Avery,Roberts,Male,50,London,Online,Manchester Showroom,Family,17/07/2025,Chest of Drawers,Bedroom,Devon,5,504.71,1529.27,2523.55,7646.35,5122.8,Card,In-Store,Mobile,Yes,Standard,4,4,No
ORD100204,Casey,Davies,Other,40,Cardiff,Online,Leeds Showroom,Young Professional,04/02/2025,Bed,Bedroom,Marlow,5,53.76,124.19,268.8,620.95,352.15,Card,Social Media,Tablet,Yes,Express,2,3,No
ORD100205,Morgan,Smith,Female,27,Liverpool,Store,London Showroom,Young Professional,15/06/2025,Bed,Bedroom,Ashford,5,702.81,2347.39,3514.05,11736.95,8222.9,PayPal,Paid Ads,Desktop,Yes,Standard,8,4,No
ORD100206,Alex,Brown,Prefer not to say,54,Cardiff,Online,Manchester Showroom,Young Professional,10/04/2025,Office Chair,Office / Study,YorkRace,3,748.41,2596.98,2245.23,7790.94,5545.71,Card,Direct,Desktop,Yes,Standard,6,5,No
ORD100207,Taylor,Brown,Other,61,Birmingham,Online,Manchester Showroom,Retiree,29/05/2025,Dining Chair,Dining,Harlow,5,469.5,1624.47,2347.5,8122.35,5774.85,Card,Referral,Mobile,Yes,Standard,3,3,No
ORD100208,Charlie,Roberts,Female,40,Birmingham,Online,Manchester Showroom,Young Professional,28/02/2025,Wardrobe,Bedroom,Durham,1,569.45,1816.55,569.45,1816.55,1247.1,Card,In-Store,Desktop,Yes,Standard,8,5,No
ORD100209,Alex,Taylor,Male,22,Liverpool,Online,Birmingham Showroom,Young Professional,13/08/2025,Chest of Drawers,Bedroom,Surrey,4,741.1,1786.05,2964.4,7144.2,4179.8,PayPal,In-Store,Mobile,No,Click & Collect,2,3,No
ORD100210,Jordan,Davies,Female,26,Cardiff,Online,Birmingham Showroom,Family,28/10/2024,TV Unit,Living room,Greenwich,1,577.5,1848,577.5,1848,1270.5,PayPal,Referral,Mobile,No,Standard,3,4,No
ORD100211,Sam,Evans,Male,48,Glasgow,Online,Leeds Showroom,Young Professional,24/02/2025,Wardrobe,Bedroom,Carlisle,1,155.93,355.52,155.93,355.52,199.59,PayPal,Direct,Desktop,Yes,Standard,4,5,No
ORD100212,Sam,Roberts,Female,37,Birmingham,Store,London Showroom,Family,23/02/2025,TV Unit,Living room,Clapham,5,477.98,1089.79,2389.9,5448.95,3059.05,Card,In-Store,Mobile,Yes,Standard,7,4,No
ORD100213,Charlie,Taylor,Other,27,Birmingham,Online,Birmingham Showroom,Young Professional,06/02/2025,Bookcase,Office / Study,Downs,4,501.1,1327.92,2004.4,5311.68,3307.28,PayPal,Paid Ads,Mobile,Yes,Standard,3,4,No
ORD100214,Riley,Davies,Male,61,Manchester,Online,Manchester Showroom,Family,29/05/2025,Sofa,Living room,Dalton,4,362.34,1036.29,1449.36,4145.16,2695.8,Card,Direct,Mobile,Yes,Standard,6,3,No
ORD100215,Riley,Smith,Other,34,Cardiff,Online,Birmingham Showroom,Retiree,14/08/2025,Chest of Drawers,Bedroom,Surrey,4,599.7,1925.04,2398.8,7700.16,5301.36,Card,Direct,Mobile,Yes,Standard,5,5,No
ORD100216,Casey,Thomas,Other,69,Birmingham,Online,London Showroom,Family,17/04/2025,Dining Chair,Dining,Harlow,3,750.12,2325.37,2250.36,6976.11,4725.75,Card,Social Media,Desktop,Yes,Standard,5,4,No
ORD100217,Morgan,Evans,Male,56,Bristol,Online,Birmingham Showroom,Retiree,03/02/2025,Wardrobe,Bedroom,York,5,743.43,2089.04,3717.15,10445.2,6728.05,PayPal,In-Store,Mobile,Yes,Express,1,3,No
ORD100218,Avery,Johnson,Male,40,Cardiff,Store,Manchester Showroom,Young Professional,29/04/2025,Sofa,Living room,Dalton,4,382.64,991.04,1530.56,3964.16,2433.6,PayPal,In-Store,Desktop,Yes,Standard,9,3,No
ORD100219,Jordan,Brown,Prefer not to say,33,Edinburgh,Online,Leeds Showroom,Family,22/03/2025,Sofa,Living room,Dalton,3,126.06,441.21,378.18,1323.63,945.45,Card,Referral,Mobile,Yes,Standard,8,3,No
ORD100220,Alex,Jones,Prefer not to say,37,Manchester,Online,Manchester Showroom,Family,02/01/2025,Dining Chair,Dining,Severn,2,788.48,2191.97,1576.96,4383.94,2806.98,Card,Social Media,Mobile,Yes,Click & Collect,4,4,No
ORD100221,Riley,Smith,Prefer not to say,64,Birmingham,Online,London Showroom,Family,16/11/2024,Chest of Drawers,Bedroom,Kent,2,677.56,1903.94,1355.12,3807.88,2452.76,PayPal,Social Media,Mobile,Yes,Express,1,3,No
ORD100222,Casey,Brown,Other,31,Manchester,Online,Leeds Showroom,Young Professional,17/03/2025,Sofa,Living room,Keswick,3,134.74,330.11,404.22,990.33,586.11,Card,In-Store,Desktop,Yes,Standard,7,5,No
ORD100223,Casey,Wilson,Other,46,Edinburgh,Online,Birmingham Showroom,Young Professional,04/05/2025,Bed,Bedroom,Windsor,3,739.84,2397.08,2219.52,7191.24,4971.72,Finance,Direct,Desktop,Yes,Standard,4,5,No
ORD100224,Charlie,Jones,Prefer not to say,41,Liverpool,Store,Birmingham Showroom,Young Professional,06/05/2025,Bookcase,Office / Study,Moors,5,701.12,2187.49,3505.6,10937.45,7431.85,Card,Social Media,Tablet,Yes,Standard,6,4,No
ORD100225,Jordan,Brown,Other,52,Liverpool,Online,Birmingham Showroom,Young Professional,24/01/2025,Chest of Drawers,Bedroom,Dorset,5,434.32,1098.83,2171.6,5494.15,3322.55,Card,Referral,Desktop,Yes,Express,1,5,No
ORD100226,Jamie,Taylor,Other,25,Cardiff,Store,Leeds Showroom,Young Professional,16/12/2024,Chest of Drawers,Bedroom,Surrey,2,489.37,1150.02,978.74,2300.04,1321.3,Card,Social Media,Mobile,Yes,Click & Collect,1,3,No
ORD100227,Avery,Evans,Male,65,Edinburgh,Online,Manchester Showroom,Family,30/12/2024,Chest of Drawers,Bedroom,Essex,4,343.24,1064.04,1372.96,4256.16,2883.2,Card,Referral,Desktop,Yes,Express,2,4,No
ORD100228,Morgan,Brown,Male,44,Leeds,Store,Leeds Showroom,Young Professional,15/11/2024,Dining Table,Dining,Norfolk,2,81.62,250.57,163.24,501.14,337.9,Finance,Social Media,Tablet,Yes,Standard,6,3,No
ORD100229,Taylor,Johnson,Other,23,Leeds,Online,Leeds Showroom,Young Professional,30/06/2025,Bookcase,Office / Study,Fens,4,294.75,763.4,1179,3053.6,1874.6,Card,Referral,Desktop,Yes,Express,2,4,No
ORD100230,Charlie,Thomas,Prefer not to say,43,Cardiff,Store,London Showroom,Family,22/03/2025,Sofa,Living room,Harbour,4,650.17,2236.58,2600.68,8946.32,6345.64,PayPal,Social Media,Mobile,Yes,Standard,8,4,No
ORD100231,Avery,Taylor,Female,58,London,Online,Leeds Showroom,Family,02/08/2025,Bookcase,Office / Study,Downs,5,43.52,106.19,217.6,530.95,313.35,Card,Social Media,Mobile,Yes,Standard,5,3,No
ORD100232,Taylor,Smith,Prefer not to say,29,Manchester,Store,Birmingham Showroom,Retiree,15/05/2025,Dining Table,Dining,Camden,1,293.46,818.75,293.46,818.75,525.29,Card,Paid Ads,Desktop,Yes,Standard,4,5,No
ORD100233,Taylor,Smith,Female,28,Manchester,Online,Manchester Showroom,Family,07/01/2025,Dining Chair,Dining,Wye,1,342.61,1175.15,342.61,1175.15,832.54,Card,Referral,Desktop,Yes,Click & Collect,1,5,No
ORD100234,Jordan,Smith,Prefer not to say,35,Liverpool,Online,Manchester Showroom,Young Professional,19/03/2025,Sofa,Living room,Harbour,3,448.42,1242.12,1345.26,3726.36,2381.1,Card,Referral,Mobile,No,Standard,8,4,No
ORD100235,Jordan,Smith,Male,24,Leeds,Online,Manchester Showroom,Family,06/04/2025,Office Chair,Office / Study,Sandown,5,739.09,2254.22,3695.45,11271.1,7575.65,Finance,Referral,Desktop,Yes,Express,1,3,No
ORD100236,Alex,Thomas,Other,37,Newcastle,Store,Birmingham Showroom,Family,04/02/2025,Bookcase,Office / Study,Moors,4,303.22,833.86,1212.88,3335.44,2122.56,Card,Organic Search,Tablet,Yes,Standard,8,3,No
ORD100237,Casey,Brown,Other,40,Birmingham,Online,Birmingham Showroom,Young Professional,14/11/2024,Bookcase,Office / Study,Downs,1,303.68,786.53,303.68,786.53,482.85,Card,Social Media,Mobile,No,Standard,9,4,No
ORD100238,Avery,Davies,Male,39,Birmingham,Store,Birmingham Showroom,Family,22/10/2024,Wardrobe,Bedroom,Carlisle,4,600.5,2089.74,2402,8358.96,5956.96,Card,Referral,Desktop,No,Standard,7,5,No
ORD100239,Charlie,Brown,Female,37,Birmingham,Online,Birmingham Showroom,Retiree,20/01/2025,Bookcase,Office / Study,Fens,1,383.69,1058.98,383.69,1058.98,675.29,Card,In-Store,Mobile,Yes,Standard,4,3,No
ORD100240,Sam,Wilson,Female,29,Liverpool,Online,Birmingham Showroom,Young Professional,26/10/2024,Bed,Bedroom,Ashford,1,210.7,710.06,210.7,710.06,499.36,Card,Organic Search,Mobile,Yes,Express,2,5,No
ORD100241,Charlie,Evans,Female,54,Edinburgh,Online,Leeds Showroom,Young Professional,27/01/2025,TV Unit,Living room,Clapham,1,383.85,974.98,383.85,974.98,591.13,PayPal,Paid Ads,Mobile,Yes,Standard,8,5,No
ORD100242,Alex,Jones,Male,33,Glasgow,Store,Birmingham Showroom,Young Professional,25/10/2024,Dining Table,Dining,Norfolk,5,147.05,370.57,735.25,1852.85,1117.6,Card,Referral,Mobile,Yes,Express,2,4,No
ORD100243,Morgan,Davies,Female,32,Leeds,Store,Birmingham Showroom,Young Professional,18/02/2025,Sofa,Living room,Orchard,2,174.05,398.57,348.1,797.14,449.04,Card,Referral,Desktop,Yes,Express,2,4,No
ORD100244,Casey,Davies,Male,26,Leeds,Store,Birmingham Showroom,Young Professional,29/12/2024,Bed,Bedroom,Kendal,4,418.76,1281.41,1675.04,5125.64,3450.6,Card,Organic Search,Mobile,Yes,Click & Collect,1,5,No
ORD100245,Sam,Brown,Prefer not to say,48,Newcastle,Online,Birmingham Showroom,Family,19/10/2024,Dining Chair,Dining,Wye,5,358.38,971.21,1791.9,4856.05,3064.15,Finance,Social Media,Mobile,Yes,Standard,7,3,No
ORD100246,Riley,Davies,Prefer not to say,33,Manchester,Online,Manchester Showroom,Young Professional,21/03/2025,TV Unit,Living room,Islington,5,735.28,2448.48,3676.4,12242.4,8566,Card,In-Store,Mobile,No,Standard,6,3,No
ORD100247,Morgan,Roberts,Male,38,London,Store,Birmingham Showroom,Retiree,12/02/2024,Wardrobe,Bedroom,Chester,5,315.42,895.79,1577.1,4478.95,2901.85,Card,Paid Ads,Mobile,No,Standard,3,4,No
ORD100248,Jordan,Roberts,Other,27,Cardiff,Online,Leeds Showroom,Family,31/05/2025,Chest of Drawers,Bedroom,Surrey,5,481.25,1665.12,2406.25,8325.6,5919.35,Card,Referral,Mobile,Yes,Click & Collect,3,5,No
ORD100249,Taylor,Wilson,Prefer not to say,54,Manchester,Store,Leeds Showroom,Family,28/08/2025,Bed,Bedroom,Elgin,5,520.52,1290.89,2602.6,6454.45,3851.85,Card,Social Media,Desktop,Yes,Click & Collect,3,3,No
ORD100250,Riley,Jones,Female,26,Edinburgh,Store,Leeds Showroom,Family,11/02/2024,Wardrobe,Bedroom,Chester,3,49.95,166.83,149.85,500.49,350.64,Card,In-Store,Mobile,Yes,Standard,6,3,No
ORD100251,Charlie,Johnson,Male,49,Cardiff,Store,London Showroom,Young Professional,10/11/2024,TV Unit,Living room,Brixton,4,544.29,1752.61,2177.16,7010.44,4833.28,Card,In-Store,Desktop,No,Express,1,4,No
ORD100252,Charlie,Thomas,Female,35,Leeds,Store,Manchester Showroom,Family,30/05/2025,Sofa,Living room,Rivington,5,175.31,562.75,876.55,2813.75,1937.2,PayPal,Paid Ads,Desktop,Yes,Standard,8,5,No
ORD100253,Jordan,Brown,Female,26,Edinburgh,Online,Birmingham Showroom,Family,12/10/2024,Chest of Drawers,Bedroom,Devon,4,770.41,2550.06,3081.64,10200.24,7118.6,Card,Direct,Mobile,Yes,Express,1,3,No
ORD100254,Alex,Thomas,Other,54,Cardiff,Online,London Showroom,Family,05/08/2025,Dining Chair,Dining,Trent,3,152.98,489.54,458.94,1468.62,1009.68,PayPal,In-Store,Desktop,Yes,Standard,7,4,No
ORD100255,Avery,Johnson,Female,69,Newcastle,Store,Birmingham Showroom,Family,12/12/2024,Dining Table,Dining,Norfolk,3,355.11,1075.98,1065.33,3227.94,2162.61,Card,Direct,Mobile,Yes,Express,2,3,No
ORD100256,Riley,Brown,Other,62,Newcastle,Online,London Showroom,Young Professional,29/06/2025,TV Unit,Living room,Brixton,4,104.87,252.74,419.48,1010.96,591.48,Card,In-Store,Mobile,Yes,Standard,4,3,No
ORD100257,Riley,Brown,Prefer not to say,40,Bristol,Store,London Showroom,Retiree,16/01/2025,Bookcase,Office / Study,Peaks,1,797.62,1826.55,797.62,1826.55,1028.93,Card,Paid Ads,Mobile,No,Express,1,3,No
ORD100258,Jamie,Jones,Male,43,Glasgow,Store,Leeds Showroom,Young Professional,27/01/2025,Sofa,Living room,Harbour,2,421.67,1433.68,843.34,2867.36,2024.02,Card,Organic Search,Mobile,Yes,Express,2,4,No
ORD100259,Morgan,Thomas,Female,26,Newcastle,Online,Leeds Showroom,Retiree,15/05/2025,Desk,Office / Study,Soho,1,492.49,1487.32,492.49,1487.32,994.83,PayPal,Paid Ads,Mobile,Yes,Express,2,5,No
ORD100260,Casey,Roberts,Male,23,Leeds,Store,London Showroom,Retiree,25/10/2024,Dining Table,Dining,Camden,1,90.98,295.68,90.98,295.68,204.7,Card,Paid Ads,Desktop,Yes,Standard,8,4,No
ORD100261,Morgan,Smith,Female,51,London,Online,Leeds Showroom,Young Professional,16/06/2025,Chest of Drawers,Bedroom,Kent,1,609.97,1738.41,609.97,1738.41,1128.44,Card,Organic Search,Mobile,Yes,Standard,4,5,No
ORD100262,Avery,Thomas,Male,68,Birmingham,Online,London Showroom,Family,08/07/2025,Desk,Office / Study,Clerkenwell,5,199.53,478.87,997.65,2394.35,1396.7,Card,Organic Search,Desktop,No,Standard,8,3,No
ORD100263,Charlie,Evans,Female,60,Bristol,Online,Manchester Showroom,Young Professional,10/04/2025,Office Chair,Office / Study,YorkRace,3,722.52,1741.27,2167.56,5223.81,3056.25,Finance,Social Media,Mobile,No,Standard,4,5,No
ORD100264,Charlie,Evans,Female,25,Birmingham,Online,Leeds Showroom,Young Professional,12/06/2024,Office Chair,Office / Study,Aintree,1,195.91,609.28,195.91,609.28,413.37,Card,In-Store,Desktop,No,Standard,5,3,No
ORD100265,Charlie,Brown,Female,54,Glasgow,Online,Leeds Showroom,Family,25/01/2025,Bookcase,Office / Study,Downs,3,184.92,515.93,554.76,1547.79,993.03,Finance,Social Media,Mobile,No,Click & Collect,3,3,No
ORD100266,Jamie,Smith,Female,34,Cardiff,Online,Leeds Showroom,Family,19/05/2025,Bed,Bedroom,Windsor,4,67.78,169.45,271.12,677.8,406.68,Card,Organic Search,Mobile,Yes,Standard,6,4,No
ORD100267,Charlie,Taylor,Female,41,Liverpool,Store,Manchester Showroom,Retiree,30/08/2025,Sofa,Living room,Harbour,2,398.77,1140.48,797.54,2280.96,1483.42,Card,Direct,Mobile,Yes,Standard,6,3,No
ORD100268,Avery,Johnson,Female,28,Newcastle,Store,London Showroom,Family,29/04/2025,Dining Chair,Dining,Trent,4,469.28,1093.42,1877.12,4373.68,2496.56,Card,Direct,Mobile,Yes,Standard,5,4,No
ORD100269,Jordan,Wilson,Female,36,London,Online,Birmingham Showroom,Family,27/09/2025,Chest of Drawers,Bedroom,Devon,4,89.94,268.02,359.76,1072.08,712.32,Card,Paid Ads,Mobile,No,Standard,3,5,No
ORD100270,Casey,Smith,Female,44,Glasgow,Online,Leeds Showroom,Family,15/02/2025,Wardrobe,Bedroom,Carlisle,5,629.4,1630.15,3147,8150.75,5003.75,Card,Referral,Desktop,Yes,Express,1,5,No
ORD100271,Avery,Wilson,Female,35,Birmingham,Store,London Showroom,Retiree,29/06/2025,Wardrobe,Bedroom,Carlisle,2,384.5,1249.62,769,2499.24,1730.24,Card,Paid Ads,Mobile,Yes,Standard,8,3,No
ORD100272,Casey,Thomas,Male,44,Bristol,Online,Manchester Showroom,Young Professional,19/12/2024,Sofa,Living room,Orchard,4,438.54,1157.75,1754.16,4631,2876.84,Finance,Paid Ads,Desktop,No,Click & Collect,3,4,No
ORD100273,Avery,Thomas,Other,40,Newcastle,Online,Birmingham Showroom,Retiree,12/06/2024,Office Chair,Office / Study,Aintree,4,374.98,1057.44,1499.92,4229.76,2729.84,PayPal,Referral,Desktop,Yes,Standard,8,3,No
ORD100274,Charlie,Wilson,Female,50,Leeds,Online,Leeds Showroom,Young Professional,20/04/2025,Office Chair,Office / Study,Aintree,2,344.58,778.75,689.16,1557.5,868.34,PayPal,In-Store,Desktop,Yes,Click & Collect,4,4,No
ORD100275,Jordan,Johnson,Other,41,Newcastle,Online,Manchester Showroom,Family,28/05/2025,Bed,Bedroom,Elgin,2,465.33,1088.87,930.66,2177.74,1247.08,Card,Organic Search,Mobile,Yes,Click & Collect,1,4,No
ORD100276,Riley,Smith,Female,50,Bristol,Online,Manchester Showroom,Young Professional,05/07/2025,Bed,Bedroom,Windsor,4,157.98,432.87,631.92,1731.48,1099.56,Card,Direct,Mobile,Yes,Standard,6,4,No
ORD100277,Morgan,Taylor,Female,45,Bristol,Store,Birmingham Showroom,Young Professional,13/08/2025,Sofa,Living room,Rivington,2,178.27,508.07,356.54,1016.14,659.6,Card,Paid Ads,Tablet,Yes,Click & Collect,2,5,No
ORD100278,Taylor,Brown,Male,39,Liverpool,Online,London Showroom,Young Professional,06/08/2025,Bed,Bedroom,Ashford,4,694.96,2084.88,2779.84,8339.52,5559.68,PayPal,Referral,Desktop,No,Standard,4,4,No
ORD100279,Jordan,Jones,Prefer not to say,31,Newcastle,Online,Leeds Showroom,Family,28/04/2025,TV Unit,Living room,Islington,4,759.05,1981.12,3036.2,7924.48,4888.28,Finance,Social Media,Mobile,Yes,Express,2,5,No
ORD100280,Riley,Thomas,Prefer not to say,62,Newcastle,Online,Leeds Showroom,Young Professional,19/08/2025,TV Unit,Living room,Brixton,5,323.72,1010.01,1618.6,5050.05,3431.45,Card,Paid Ads,Mobile,No,Standard,7,4,No
ORD100281,Alex,Evans,Male,29,Liverpool,Online,London Showroom,Young Professional,23/07/2025,Bed,Bedroom,Marlow,1,245.77,818.41,245.77,818.41,572.64,Card,Direct,Mobile,Yes,Click & Collect,3,5,No
ORD100282,Avery,Johnson,Other,47,Edinburgh,Store,London Showroom,Family,15/06/2025,Office Chair,Office / Study,Sandown,4,529.44,1704.8,2117.76,6819.2,4701.44,Card,Organic Search,Mobile,Yes,Click & Collect,4,5,No
ORD100283,Alex,Jones,Prefer not to say,50,Edinburgh,Store,London Showroom,Retiree,24/06/2025,Desk,Office / Study,Clerkenwell,3,350.64,806.47,1051.92,2419.41,1367.49,Card,Paid Ads,Desktop,No,Express,2,5,No
ORD100284,Riley,Taylor,Male,31,Cardiff,Store,Birmingham Showroom,Young Professional,31/10/2024,Chest of Drawers,Bedroom,Dorset,1,59.29,168.98,59.29,168.98,109.69,Card,Paid Ads,Mobile,Yes,Express,1,3,No
ORD100285,Jordan,Davies,Male,38,Edinburgh,Online,Birmingham Showroom,Young Professional,25/01/2025,Chest of Drawers,Bedroom,Kent,1,158.68,377.66,158.68,377.66,218.98,Card,In-Store,Mobile,Yes,Standard,7,4,No
ORD100286,Avery,Brown,Prefer not to say,23,Manchester,Store,Leeds Showroom,Young Professional,21/02/2025,Dining Chair,Dining,Trent,1,584.14,1489.56,584.14,1489.56,905.42,PayPal,Referral,Mobile,No,Standard,6,3,No
ORD100287,Taylor,Thomas,Other,27,Newcastle,Store,Birmingham Showroom,Young Professional,16/06/2025,TV Unit,Living room,Greenwich,5,540.78,1881.91,2703.9,9409.55,6705.65,Card,Social Media,Mobile,Yes,Standard,8,4,No
ORD100288,Charlie,Brown,Male,26,London,Store,Manchester Showroom,Family,29/06/2025,Office Chair,Office / Study,Ascot,4,60.59,147.23,242.36,588.92,346.56,Card,Social Media,Desktop,Yes,Standard,9,4,No
ORD100289,Avery,Jones,Female,49,Newcastle,Online,Leeds Showroom,Family,05/06/2025,Dining Chair,Dining,Harlow,5,208.7,598.97,1043.5,2994.85,1951.35,Finance,Organic Search,Desktop,Yes,Express,1,3,No
ORD100290,Avery,Brown,Other,62,Manchester,Online,Birmingham Showroom,Family,22/10/2024,Office Chair,Office / Study,YorkRace,4,215.62,651.17,862.48,2604.68,1742.2,Card,Direct,Mobile,Yes,Standard,9,5,No
ORD100291,Jordan,Davies,Other,26,Manchester,Online,London Showroom,Young Professional,11/02/2024,Desk,Office / Study,Hoxton,5,550.64,1723.5,2753.2,8617.5,5864.3,Card,Organic Search,Desktop,Yes,Click & Collect,1,4,No
ORD100292,Jordan,Jones,Prefer not to say,39,Birmingham,Store,Manchester Showroom,Family,26/03/2025,Bed,Bedroom,Elgin,5,54.98,162.19,274.9,810.95,536.05,Card,Paid Ads,Mobile,Yes,Express,2,5,No
ORD100293,Riley,Thomas,Prefer not to say,47,Newcastle,Online,London Showroom,Family,30/11/2024,Chest of Drawers,Bedroom,Devon,3,119.12,269.21,357.36,807.63,450.27,Card,Paid Ads,Mobile,No,Express,1,3,No
ORD100294,Sam,Smith,Female,41,Glasgow,Online,Leeds Showroom,Family,26/04/2025,Chest of Drawers,Bedroom,Dorset,5,647.94,1723.52,3239.7,8617.6,5377.9,Card,Social Media,Mobile,No,Standard,6,5,No
ORD100295,Avery,Evans,Male,62,Manchester,Store,London Showroom,Family,16/03/2025,TV Unit,Living room,Islington,2,175.69,509.5,351.38,1019,667.62,PayPal,Direct,Mobile,Yes,Click & Collect,1,4,No
ORD100296,Morgan,Jones,Prefer not to say,48,London,Store,Birmingham Showroom,Family,20/04/2025,Bookcase,Office / Study,Dales,3,536.09,1265.17,1608.27,3795.51,2187.24,Card,Referral,Mobile,Yes,Click & Collect,3,4,No
ORD100297,Avery,Roberts,Prefer not to say,33,Liverpool,Store,Birmingham Showroom,Family,28/04/2025,Bookcase,Office / Study,Dales,5,221.02,594.54,1105.1,2972.7,1867.6,Card,Direct,Mobile,Yes,Standard,6,4,No
ORD100298,Riley,Davies,Other,28,Cardiff,Online,Leeds Showroom,Young Professional,30/07/2025,Bookcase,Office / Study,Moors,1,115.58,264.68,115.58,264.68,149.1,Card,Paid Ads,Desktop,Yes,Express,1,3,No
ORD100299,Casey,Jones,Prefer not to say,24,Birmingham,Store,London Showroom,Retiree,21/12/2024,Dining Table,Dining,Stratford,2,224.81,528.3,449.62,1056.6,606.98,Card,Referral,Mobile,Yes,Express,1,4,No
ORD100300,Alex,Jones,Prefer not to say,31,Liverpool,Online,Leeds Showroom,Family,01/02/2025,Sofa,Living room,Orchard,2,588.92,1619.53,1177.84,3239.06,2061.22,PayPal,Direct,Desktop,No,Standard,5,3,No
ORD100301,Charlie,Roberts,Prefer not to say,55,Birmingham,Online,London Showroom,Family,12/06/2024,Dining Chair,Dining,Mersey,2,690.33,1670.6,1380.66,3341.2,1960.54,PayPal,Direct,Mobile,No,Standard,3,5,No
ORD100302,Sam,Thomas,Prefer not to say,46,London,Online,Manchester Showroom,Young Professional,24/05/2025,Chest of Drawers,Bedroom,Dorset,3,670.97,1986.07,2012.91,5958.21,3945.3,Card,Referral,Tablet,Yes,Standard,6,4,No
ORD100303,Taylor,Jones,Other,56,Bristol,Online,Birmingham Showroom,Family,25/03/2025,Wardrobe,Bedroom,Chester,5,341.86,1063.18,1709.3,5315.9,3606.6,PayPal,Paid Ads,Desktop,Yes,Standard,8,4,No
ORD100304,Taylor,Evans,Female,37,Newcastle,Online,Leeds Showroom,Family,31/05/2025,Office Chair,Office / Study,Epsom,5,547.74,1780.16,2738.7,8900.8,6162.1,Card,Direct,Mobile,Yes,Standard,7,4,No
ORD100305,Taylor,Brown,Female,23,Leeds,Store,Manchester Showroom,Young Professional,09/03/2025,Dining Table,Dining,Somerset,1,195.79,489.48,195.79,489.48,293.69,Finance,Referral,Desktop,Yes,Standard,3,5,No
ORD100306,Jordan,Thomas,Male,45,Glasgow,Online,Manchester Showroom,Young Professional,13/04/2025,Sofa,Living room,Rivington,1,262.79,646.46,262.79,646.46,383.67,Card,In-Store,Mobile,Yes,Standard,3,4,No
ORD100307,Taylor,Evans,Prefer not to say,31,Liverpool,Store,Leeds Showroom,Family,14/09/2025,Wardrobe,Bedroom,Chester,2,721.22,1716.5,1442.44,3433,1990.56,Finance,In-Store,Desktop,No,Standard,8,3,No
ORD100308,Charlie,Thomas,Other,59,Newcastle,Online,Leeds Showroom,Family,02/10/2025,Office Chair,Office / Study,Ascot,1,49.88,152.13,49.88,152.13,102.25,PayPal,Paid Ads,Mobile,Yes,Click & Collect,4,5,No
ORD100309,Alex,Evans,Male,43,Glasgow,Online,Manchester Showroom,Family,05/01/2025,Bookcase,Office / Study,Peaks,3,104.99,328.62,314.97,985.86,670.89,Card,Referral,Desktop,No,Standard,6,5,No
ORD100310,Taylor,Davies,Male,47,Bristol,Online,London Showroom,Young Professional,29/08/2025,Dining Chair,Dining,Mersey,5,197.99,453.4,989.95,2267,1277.05,Card,In-Store,Desktop,Yes,Click & Collect,4,5,No
ORD100311,Avery,Evans,Female,64,Leeds,Online,Manchester Showroom,Family,18/02/2025,Office Chair,Office / Study,YorkRace,2,60.16,205.75,120.32,411.5,291.18,Finance,Referral,Mobile,Yes,Standard,9,5,No
ORD100312,Avery,Wilson,Other,60,Glasgow,Online,Leeds Showroom,Young Professional,10/06/2024,Chest of Drawers,Bedroom,Devon,1,177.89,410.93,177.89,410.93,233.04,PayPal,Direct,Mobile,Yes,Standard,5,5,No
ORD100313,Jordan,Evans,Other,48,Glasgow,Online,Manchester Showroom,Young Professional,16/08/2025,Desk,Office / Study,Soho,3,483.11,1415.51,1449.33,4246.53,2797.2,Card,Paid Ads,Desktop,Yes,Standard,9,3,No
ORD100314,Charlie,Smith,Other,50,Liverpool,Online,London Showroom,Young Professional,15/01/2025,Office Chair,Office / Study,YorkRace,3,360.28,1131.28,1080.84,3393.84,2313,PayPal,In-Store,Mobile,Yes,Standard,8,5,No
ORD100315,Alex,Smith,Female,68,Edinburgh,Online,Birmingham Showroom,Young Professional,27/12/2024,TV Unit,Living room,Greenwich,1,718.43,2399.56,718.43,2399.56,1681.13,Card,Direct,Mobile,Yes,Standard,9,4,No
ORD100316,Sam,Johnson,Female,59,Leeds,Online,Birmingham Showroom,Young Professional,09/09/2025,Dining Table,Dining,Camden,5,661.26,2076.36,3306.3,10381.8,7075.5,Card,Organic Search,Mobile,No,Express,2,5,No
ORD100317,Riley,Wilson,Female,41,Newcastle,Store,Manchester Showroom,Young Professional,22/02/2025,Bookcase,Office / Study,Fens,1,299.78,974.28,299.78,974.28,674.5,Card,Organic Search,Mobile,Yes,Standard,6,5,No
ORD100318,Alex,Wilson,Female,48,Bristol,Online,London Showroom,Young Professional,01/02/2025,Sofa,Living room,Orchard,2,237.16,633.22,474.32,1266.44,792.12,Card,Paid Ads,Tablet,Yes,Express,1,5,No
ORD100319,Riley,Brown,Female,62,Leeds,Store,Birmingham Showroom,Young Professional,24/12/2024,Dining Chair,Dining,Mersey,1,328.57,1074.42,328.57,1074.42,745.85,PayPal,In-Store,Mobile,No,Express,1,5,No
ORD100320,Casey,Wilson,Prefer not to say,41,London,Store,Manchester Showroom,Family,07/01/2025,Dining Table,Dining,Stratford,3,488.62,1148.26,1465.86,3444.78,1978.92,Card,In-Store,Mobile,No,Standard,3,5,No
ORD100321,Riley,Brown,Prefer not to say,65,Edinburgh,Store,Manchester Showroom,Family,26/12/2024,Wardrobe,Bedroom,Lancaster,1,243.73,821.37,243.73,821.37,577.64,PayPal,In-Store,Desktop,No,Standard,4,3,No
ORD100322,Morgan,Johnson,Other,40,London,Store,London Showroom,Young Professional,23/11/2024,Wardrobe,Bedroom,York,5,514.35,1507.05,2571.75,7535.25,4963.5,Card,Referral,Desktop,Yes,Express,2,3,No
ORD100323,Avery,Johnson,Male,41,Bristol,Online,Leeds Showroom,Family,12/06/2024,Dining Table,Dining,Camden,4,351.15,1148.26,1404.6,4593.04,3188.44,Card,Direct,Mobile,No,Standard,7,5,No
ORD100324,Charlie,Davies,Other,56,Liverpool,Store,Manchester Showroom,Young Professional,05/03/2025,Wardrobe,Bedroom,York,1,459.56,1295.96,459.56,1295.96,836.4,Card,In-Store,Mobile,Yes,Standard,3,3,No
ORD100325,Jamie,Smith,Male,68,Liverpool,Store,Leeds Showroom,Family,10/02/2025,Chest of Drawers,Bedroom,Devon,5,371.46,1132.95,1857.3,5664.75,3807.45,Card,Direct,Tablet,Yes,Click & Collect,4,4,No
ORD100326,Jordan,Evans,Female,23,Bristol,Online,Leeds Showroom,Young Professional,09/01/2025,Office Chair,Office / Study,Ascot,5,263.79,767.63,1318.95,3838.15,2519.2,Card,Paid Ads,Desktop,Yes,Standard,7,5,No
ORD100327,Morgan,Evans,Male,51,Birmingham,Online,Birmingham Showroom,Young Professional,28/03/2025,Desk,Office / Study,Paddington,3,760.82,2404.19,2282.46,7212.57,4930.11,Card,In-Store,Mobile,Yes,Express,2,4,No
ORD100328,Riley,Roberts,Other,55,Bristol,Online,Leeds Showroom,Family,18/08/2025,Bed,Bedroom,Kendal,5,620.34,1457.8,3101.7,7289,4187.3,Card,Paid Ads,Mobile,Yes,Click & Collect,2,4,No
ORD100329,Taylor,Roberts,Other,43,Edinburgh,Store,London Showroom,Family,19/09/2025,Office Chair,Office / Study,Sandown,5,146.49,341.32,732.45,1706.6,974.15,Card,In-Store,Mobile,Yes,Standard,5,5,No
ORD100330,Charlie,Taylor,Male,24,Manchester,Store,Birmingham Showroom,Retiree,17/04/2025,Desk,Office / Study,Clerkenwell,5,700.04,1792.1,3500.2,8960.5,5460.3,Card,Organic Search,Mobile,Yes,Standard,7,4,No
ORD100331,Morgan,Thomas,Prefer not to say,27,Liverpool,Online,Birmingham Showroom,Family,28/02/2025,Dining Chair,Dining,Severn,5,410.45,1005.6,2052.25,5028,2975.75,Card,Social Media,Mobile,Yes,Standard,5,4,No
ORD100332,Jordan,Davies,Female,36,Cardiff,Online,Birmingham Showroom,Retiree,05/01/2025,Dining Table,Dining,Somerset,2,719.86,2404.33,1439.72,4808.66,3368.94,PayPal,Paid Ads,Desktop,Yes,Standard,3,4,No
ORD100333,Avery,Taylor,Female,48,Edinburgh,Online,Manchester Showroom,Young Professional,21/08/2025,Sofa,Living room,Dalton,2,647.89,1632.68,1295.78,3265.36,1969.58,Finance,In-Store,Mobile,No,Standard,8,5,No
ORD100334,Charlie,Taylor,Other,31,Edinburgh,Online,Manchester Showroom,Young Professional,30/09/2025,Sofa,Living room,Orchard,3,363.16,1260.17,1089.48,3780.51,2691.03,Card,Social Media,Desktop,No,Express,2,5,No
ORD100335,Jordan,Jones,Prefer not to say,30,Edinburgh,Store,Leeds Showroom,Young Professional,29/06/2025,Dining Table,Dining,Aldwych,1,57.08,152.4,57.08,152.4,95.32,Card,Paid Ads,Mobile,Yes,Standard,8,4,No
ORD100336,Casey,Jones,Male,54,Glasgow,Online,Birmingham Showroom,Young Professional,15/02/2025,Bookcase,Office / Study,Moors,5,244.19,605.59,1220.95,3027.95,1807,Card,Referral,Desktop,No,Standard,7,5,No
ORD100337,Casey,Taylor,Female,53,Edinburgh,Online,Birmingham Showroom,Family,30/08/2025,Wardrobe,Bedroom,York,1,451.64,1463.31,451.64,1463.31,1011.67,Finance,In-Store,Desktop,Yes,Click & Collect,2,5,No
ORD100338,Jordan,Wilson,Prefer not to say,69,Liverpool,Online,London Showroom,Family,30/12/2024,Bookcase,Office / Study,Downs,1,521.44,1600.82,521.44,1600.82,1079.38,Card,Referral,Mobile,Yes,Express,1,4,No
ORD100339,Morgan,Thomas,Female,27,Manchester,Store,Leeds Showroom,Young Professional,22/10/2024,Desk,Office / Study,Soho,3,235.99,677.29,707.97,2031.87,1323.9,Card,Organic Search,Mobile,Yes,Express,1,5,No
ORD100340,Charlie,Davies,Prefer not to say,62,Manchester,Online,London Showroom,Retiree,12/08/2024,Dining Chair,Dining,Severn,5,145.91,428.98,729.55,2144.9,1415.35,Card,In-Store,Mobile,Yes,Standard,7,3,No
ORD100341,Morgan,Taylor,Prefer not to say,57,Edinburgh,Store,Leeds Showroom,Family,04/08/2025,Bookcase,Office / Study,Peaks,5,674.55,2124.83,3372.75,10624.15,7251.4,Card,Organic Search,Desktop,No,Express,1,5,No
ORD100342,Sam,Evans,Other,23,London,Online,Leeds Showroom,Young Professional,07/03/2025,Bed,Bedroom,Ashford,4,788.15,2001.9,3152.6,8007.6,4855,Card,Social Media,Desktop,Yes,Standard,7,3,No
ORD100343,Riley,Thomas,Female,50,Liverpool,Online,Manchester Showroom,Young Professional,29/06/2025,Wardrobe,Bedroom,Carlisle,1,439.52,1538.32,439.52,1538.32,1098.8,PayPal,Paid Ads,Mobile,Yes,Standard,5,4,No
ORD100344,Sam,Jones,Male,25,Liverpool,Online,Manchester Showroom,Young Professional,04/01/2025,Bed,Bedroom,Windsor,1,170.48,591.57,170.48,591.57,421.09,Card,Direct,Mobile,Yes,Standard,4,5,No
ORD100345,Casey,Evans,Other,22,Leeds,Online,London Showroom,Young Professional,01/02/2025,TV Unit,Living room,Greenwich,2,246.95,755.67,493.9,1511.34,1017.44,Card,Organic Search,Mobile,Yes,Click & Collect,3,4,No
ORD100346,Avery,Jones,Other,40,Newcastle,Online,Leeds Showroom,Young Professional,29/03/2025,Chest of Drawers,Bedroom,Devon,4,53.98,134.95,215.92,539.8,323.88,Card,Direct,Desktop,No,Standard,8,4,No
ORD100347,Alex,Jones,Male,47,Birmingham,Store,Birmingham Showroom,Family,26/01/2025,Sofa,Living room,Dalton,2,734.87,2278.1,1469.74,4556.2,3086.46,Card,Direct,Mobile,No,Standard,4,4,No
ORD100348,Riley,Thomas,Other,46,Birmingham,Store,Manchester Showroom,Young Professional,28/04/2025,Dining Chair,Dining,Trent,2,129.49,303.01,258.98,606.02,347.04,Finance,Paid Ads,Mobile,Yes,Standard,5,4,No
ORD100349,Casey,Jones,Prefer not to say,31,London,Store,Birmingham Showroom,Young Professional,23/01/2025,Bookcase,Office / Study,Fens,2,478.15,1094.96,956.3,2189.92,1233.62,Card,Social Media,Mobile,No,Standard,7,4,No
ORD100350,Morgan,Johnson,Prefer not to say,36,Birmingham,Online,London Showroom,Retiree,17/11/2024,Wardrobe,Bedroom,Lancaster,3,248.28,638.08,744.84,1914.24,1169.4,PayPal,Paid Ads,Mobile,Yes,Express,1,5,No
ORD100351,Morgan,Smith,Female,43,Leeds,Store,Manchester Showroom,Family,31/05/2025,Wardrobe,Bedroom,Lancaster,3,461.18,1305.14,1383.54,3915.42,2531.88,Card,In-Store,Desktop,No,Express,2,3,No
ORD100352,Morgan,Johnson,Female,69,Bristol,Online,Manchester Showroom,Retiree,18/09/2025,Bed,Bedroom,Kendal,2,535.08,1787.17,1070.16,3574.34,2504.18,Card,Organic Search,Mobile,Yes,Express,1,5,No
ORD100353,Avery,Smith,Male,42,Birmingham,Online,Leeds Showroom,Young Professional,29/12/2024,Wardrobe,Bedroom,Carlisle,4,670.6,2119.1,2682.4,8476.4,5794,Finance,Direct,Desktop,Yes,Standard,6,5,No
ORD100354,Sam,Roberts,Female,43,Liverpool,Online,London Showroom,Young Professional,25/02/2025,Office Chair,Office / Study,Epsom,1,196.88,626.08,196.88,626.08,429.2,Card,Paid Ads,Mobile,Yes,Standard,3,5,No
ORD100355,Alex,Roberts,Prefer not to say,57,Bristol,Online,Leeds Showroom,Family,13/08/2025,Office Chair,Office / Study,Sandown,4,48.36,134.44,193.44,537.76,344.32,PayPal,Paid Ads,Mobile,Yes,Standard,7,5,No
ORD100356,Morgan,Jones,Male,55,Birmingham,Store,Manchester Showroom,Young Professional,08/09/2025,Wardrobe,Bedroom,Durham,5,144.03,386,720.15,1930,1209.85,Card,Paid Ads,Desktop,Yes,Standard,4,3,No
ORD100357,Jamie,Davies,Male,51,Liverpool,Online,London Showroom,Young Professional,17/11/2024,Dining Table,Dining,Stratford,3,724.01,1962.07,2172.03,5886.21,3714.18,PayPal,Organic Search,Tablet,Yes,Standard,7,5,No
ORD100358,Riley,Davies,Female,46,Liverpool,Online,Manchester Showroom,Family,10/11/2024,Bed,Bedroom,Elgin,1,704.16,2450.48,704.16,2450.48,1746.32,Card,Social Media,Desktop,Yes,Express,2,4,No
ORD100359,Charlie,Smith,Prefer not to say,66,Edinburgh,Online,London Showroom,Family,15/04/2025,Office Chair,Office / Study,Aintree,1,494.03,1136.27,494.03,1136.27,642.24,Card,Paid Ads,Mobile,No,Standard,8,5,No
ORD100360,Jamie,Evans,Male,49,Manchester,Online,Manchester Showroom,Young Professional,30/12/2024,Wardrobe,Bedroom,Durham,5,496.39,1652.98,2481.95,8264.9,5782.95,PayPal,Organic Search,Mobile,Yes,Standard,4,5,No
ORD100361,Alex,Thomas,Prefer not to say,22,London,Online,Birmingham Showroom,Family,14/06/2025,Office Chair,Office / Study,Sandown,5,545.43,1619.93,2727.15,8099.65,5372.5,Finance,Direct,Desktop,Yes,Standard,6,3,No
ORD100362,Avery,Jones,Prefer not to say,66,Leeds,Online,Birmingham Showroom,Young Professional,22/12/2024,Desk,Office / Study,Paddington,2,173.28,485.18,346.56,970.36,623.8,Finance,In-Store,Mobile,Yes,Standard,8,3,No
ORD100363,Alex,Thomas,Prefer not to say,25,Glasgow,Store,Leeds Showroom,Young Professional,29/10/2024,Dining Table,Dining,Camden,3,734.95,2322.44,2204.85,6967.32,4762.47,PayPal,Referral,Mobile,No,Standard,9,4,No
ORD100364,Charlie,Johnson,Female,28,Newcastle,Store,Birmingham Showroom,Young Professional,05/08/2025,Sofa,Living room,Harbour,3,358.27,1024.65,1074.81,3073.95,1999.14,PayPal,Organic Search,Desktop,Yes,Click & Collect,3,5,No
ORD100365,Riley,Davies,Other,30,Birmingham,Online,Manchester Showroom,Young Professional,06/01/2025,Dining Chair,Dining,Mersey,4,331.19,1106.17,1324.76,4424.68,3099.92,Card,Referral,Desktop,No,Express,2,5,No
ORD100366,Charlie,Wilson,Other,57,Birmingham,Online,Manchester Showroom,Young Professional,05/04/2025,Bookcase,Office / Study,Dales,2,434.38,1468.2,868.76,2936.4,2067.64,Card,Paid Ads,Tablet,No,Click & Collect,3,5,No
ORD100367,Jordan,Johnson,Male,40,Bristol,Online,Birmingham Showroom,Retiree,01/06/2025,Chest of Drawers,Bedroom,Essex,2,75.69,210.42,151.38,420.84,269.46,Card,Paid Ads,Tablet,Yes,Standard,3,4,No
ORD100368,Riley,Johnson,Prefer not to say,22,Bristol,Store,Leeds Showroom,Family,24/06/2025,Dining Table,Dining,Somerset,2,166.38,432.59,332.76,865.18,532.42,Card,Organic Search,Desktop,Yes,Standard,3,3,No
ORD100369,Alex,Smith,Female,31,Newcastle,Online,Birmingham Showroom,Family,12/11/2024,Chest of Drawers,Bedroom,Surrey,2,600.91,1796.72,1201.82,3593.44,2391.62,Card,Referral,Mobile,Yes,Standard,6,4,No
ORD100370,Morgan,Brown,Prefer not to say,57,Birmingham,Online,London Showroom,Young Professional,02/02/2025,Office Chair,Office / Study,Sandown,3,102.93,348.93,308.79,1046.79,738,Card,Paid Ads,Mobile,Yes,Standard,8,5,No
ORD100371,Alex,Johnson,Prefer not to say,30,Cardiff,Online,London Showroom,Young Professional,13/04/2025,Desk,Office / Study,Paddington,3,498.4,1250.98,1495.2,3752.94,2257.74,Card,Direct,Mobile,No,Express,1,3,No
ORD100372,Alex,Jones,Female,66,Leeds,Online,London Showroom,Young Professional,28/08/2025,Desk,Office / Study,Shoreditch,2,226.47,686.2,452.94,1372.4,919.46,Card,Social Media,Mobile,No,Standard,8,3,No
ORD100373,Riley,Taylor,Other,67,Birmingham,Online,Birmingham Showroom,Young Professional,19/04/2025,Office Chair,Office / Study,Aintree,4,335.86,1021.01,1343.44,4084.04,2740.6,Card,Social Media,Mobile,Yes,Standard,8,4,No
ORD100374,Jordan,Taylor,Prefer not to say,63,Manchester,Store,Birmingham Showroom,Young Professional,02/01/2025,Dining Table,Dining,Aldwych,1,259.41,822.33,259.41,822.33,562.92,Card,Paid Ads,Mobile,Yes,Standard,6,3,No
ORD100375,Alex,Jones,Prefer not to say,53,Newcastle,Online,Birmingham Showroom,Family,11/09/2025,Bookcase,Office / Study,Peaks,1,310.31,747.85,310.31,747.85,437.54,Card,Referral,Mobile,No,Standard,6,3,No
ORD100376,Jamie,Brown,Other,53,Cardiff,Online,London Showroom,Family,16/10/2024,Sofa,Living room,Keswick,4,586.47,1841.52,2345.88,7366.08,5020.2,PayPal,In-Store,Mobile,Yes,Express,2,5,No
ORD100377,Casey,Brown,Female,27,Leeds,Store,Leeds Showroom,Family,12/04/2024,Bookcase,Office / Study,Fens,2,265.81,901.1,531.62,1802.2,1270.58,PayPal,Paid Ads,Mobile,Yes,Standard,3,5,No
ORD100378,Taylor,Smith,Male,69,Birmingham,Store,Manchester Showroom,Family,23/09/2025,TV Unit,Living room,Brixton,3,470.47,1162.06,1411.41,3486.18,2074.77,Card,In-Store,Mobile,Yes,Standard,9,3,No
ORD100379,Taylor,Davies,Other,59,Glasgow,Online,Birmingham Showroom,Retiree,24/11/2024,Dining Table,Dining,Somerset,1,401.8,1024.59,401.8,1024.59,622.79,Card,In-Store,Mobile,Yes,Standard,6,3,No
ORD100380,Alex,Thomas,Male,38,Edinburgh,Online,Leeds Showroom,Young Professional,27/11/2024,Dining Table,Dining,Stratford,5,544.39,1883.59,2721.95,9417.95,6696,Card,Referral,Desktop,No,Standard,3,4,No
ORD100381,Jamie,Brown,Male,31,Manchester,Online,Manchester Showroom,Young Professional,31/08/2025,Bed,Bedroom,Ashford,5,751.99,1864.94,3759.95,9324.7,5564.75,Card,In-Store,Mobile,Yes,Express,2,4,No
ORD100382,Morgan,Wilson,Other,48,Glasgow,Store,Manchester Showroom,Young Professional,16/04/2025,Sofa,Living room,Keswick,4,596.75,1981.21,2387,7924.84,5537.84,Card,Direct,Mobile,Yes,Click & Collect,1,3,No
ORD100383,Avery,Smith,Prefer not to say,56,Bristol,Online,Manchester Showroom,Family,16/09/2025,Sofa,Living room,Dalton,2,203.35,583.61,406.7,1167.22,760.52,Card,Referral,Desktop,No,Click & Collect,2,5,No
ORD100384,Avery,Roberts,Male,42,Bristol,Store,Leeds Showroom,Retiree,19/11/2024,Chest of Drawers,Bedroom,Kent,1,63.7,163.07,63.7,163.07,99.37,Card,Paid Ads,Mobile,Yes,Express,2,3,No
ORD100385,Riley,Evans,Male,46,Birmingham,Store,Leeds Showroom,Young Professional,15/01/2025,Bookcase,Office / Study,Dales,2,239.32,799.33,478.64,1598.66,1120.02,Card,Direct,Mobile,No,Standard,6,3,No
ORD100386,Taylor,Roberts,Female,49,Bristol,Online,London Showroom,Retiree,17/05/2025,Bed,Bedroom,Ashford,1,492.26,1383.25,492.26,1383.25,890.99,Finance,Organic Search,Mobile,Yes,Express,2,5,No
ORD100387,Alex,Smith,Prefer not to say,68,Manchester,Online,Leeds Showroom,Family,16/05/2025,TV Unit,Living room,Greenwich,4,79.08,228.54,316.32,914.16,597.84,Finance,Social Media,Mobile,Yes,Standard,8,5,No
ORD100388,Avery,Johnson,Male,36,Leeds,Online,Leeds Showroom,Young Professional,07/06/2025,Office Chair,Office / Study,YorkRace,4,417.24,1126.55,1668.96,4506.2,2837.24,Card,Paid Ads,Tablet,No,Standard,8,4,No
ORD100389,Alex,Thomas,Female,25,Liverpool,Online,Leeds Showroom,Young Professional,17/10/2024,Desk,Office / Study,Hoxton,5,493.6,1475.86,2468,7379.3,4911.3,Card,Paid Ads,Mobile,Yes,Express,2,4,No
ORD100390,Riley,Evans,Prefer not to say,50,London,Online,Manchester Showroom,Young Professional,18/11/2024,Bed,Bedroom,Kendal,2,294.03,720.37,588.06,1440.74,852.68,Card,Paid Ads,Desktop,Yes,Standard,9,4,No
ORD100391,Taylor,Roberts,Other,30,Newcastle,Store,Birmingham Showroom,Retiree,22/12/2024,Office Chair,Office / Study,Epsom,5,625.89,1714.94,3129.45,8574.7,5445.25,Card,Direct,Mobile,Yes,Click & Collect,3,4,No
ORD100392,Charlie,Evans,Other,48,Leeds,Store,London Showroom,Young Professional,03/05/2025,Bed,Bedroom,Marlow,2,121.01,418.69,242.02,837.38,595.36,Finance,Organic Search,Mobile,Yes,Standard,9,5,No
ORD100393,Casey,Wilson,Female,47,Liverpool,Online,Birmingham Showroom,Family,29/10/2024,Dining Table,Dining,Somerset,5,97.1,249.55,485.5,1247.75,762.25,Card,Referral,Mobile,Yes,Express,2,3,No
ORD100394,Casey,Wilson,Other,40,Cardiff,Store,Birmingham Showroom,Young Professional,16/08/2025,Dining Chair,Dining,Harlow,3,593.42,1821.8,1780.26,5465.4,3685.14,PayPal,Organic Search,Mobile,No,Express,2,4,No
ORD100395,Avery,Wilson,Male,49,Manchester,Online,Leeds Showroom,Family,05/06/2025,Dining Chair,Dining,Mersey,3,416.57,1108.08,1249.71,3324.24,2074.53,Card,Direct,Mobile,No,Click & Collect,4,4,No
ORD100396,Casey,Smith,Prefer not to say,38,Glasgow,Online,London Showroom,Young Professional,04/03/2025,Office Chair,Office / Study,Epsom,3,563.19,1813.47,1689.57,5440.41,3750.84,Finance,Paid Ads,Mobile,No,Express,2,5,No
ORD100397,Charlie,Thomas,Male,64,Liverpool,Online,Birmingham Showroom,Family,08/04/2025,Sofa,Living room,Keswick,3,370.47,892.83,1111.41,2678.49,1567.08,Card,Social Media,Mobile,Yes,Express,2,5,No
ORD100398,Alex,Smith,Male,62,Manchester,Online,Birmingham Showroom,Family,30/03/2025,Bed,Bedroom,Windsor,1,227.27,786.35,227.27,786.35,559.08,PayPal,Paid Ads,Desktop,Yes,Standard,8,3,No
ORD100399,Riley,Taylor,Other,63,Edinburgh,Store,London Showroom,Family,06/03/2025,Desk,Office / Study,Soho,3,662.52,1868.31,1987.56,5604.93,3617.37,Card,Referral,Mobile,Yes,Standard,9,3,No
